,Survived,Pclass,Sex,Age,SibSp,Parch,Fare,Embarked,Age_Cat,FamilySize
0,0,3,1,1.0,1,0,7.25,2,5,2
1,1,1,0,2.0,1,0,71.2833,0,0,2
2,1,3,0,1.0,0,0,7.925,2,5,1
3,1,1,0,2.0,1,0,53.1,2,0,2
4,0,3,1,2.0,0,0,8.05,2,0,1
5,0,3,1,1.0,0,0,8.4583,1,5,1
6,0,1,1,3.0,0,0,51.8625,2,0,1
7,0,3,1,0.0,3,1,21.075,2,1,5
8,1,3,0,1.0,0,2,11.1333,2,5,3
9,1,2,0,0.0,1,0,30.0708,0,4,2
10,1,3,0,0.0,1,1,16.7,2,2,3
11,1,1,0,3.0,0,0,26.55,2,0,1
12,0,3,1,1.0,0,0,8.05,2,5,1
13,0,3,1,2.0,1,5,31.275,2,0,7
14,0,3,0,0.0,0,0,7.8542,2,4,1
15,1,2,0,3.0,0,0,16.0,2,0,1
16,0,3,1,0.0,4,1,29.125,1,1,6
17,1,2,1,1.0,0,0,13.0,2,5,1
18,0,3,0,1.0,1,0,18.0,2,0,2
19,1,3,0,1.0,0,0,7.225,0,5,1
20,0,2,1,2.0,0,0,26.0,2,0,1
21,1,2,1,2.0,0,0,13.0,2,0,1
22,1,3,0,0.0,0,0,8.0292,1,4,1
23,1,1,1,1.0,0,0,35.5,2,5,1
24,0,3,0,0.0,3,1,21.075,2,4,5
25,1,3,0,2.0,1,5,31.3875,2,0,7
26,0,3,1,1.0,0,0,7.225,0,5,1
27,0,1,1,1.0,3,2,263.0,2,5,6
28,1,3,0,1.0,0,0,7.8792,1,5,1
29,0,3,1,1.0,0,0,7.8958,2,5,1
30,0,1,1,2.0,0,0,27.7208,0,0,1
31,1,1,0,1.0,1,0,146.5208,0,5,2
32,1,3,0,1.0,0,0,7.75,1,5,1
33,0,2,1,4.0,0,0,10.5,2,3,1
34,0,1,1,1.0,1,0,82.1708,0,5,2
35,0,1,1,2.0,1,0,52.0,2,0,2
36,1,3,1,1.0,0,0,7.2292,0,5,1
37,0,3,1,1.0,0,0,8.05,2,5,1
38,0,3,0,1.0,2,0,18.0,2,5,3
39,1,3,0,0.0,1,0,11.2417,0,4,2
40,0,3,0,2.0,1,0,9.475,2,0,2
41,0,2,0,1.0,1,0,21.0,2,5,2
42,0,3,1,1.0,0,0,7.8958,0,5,1
43,1,2,0,0.0,1,2,41.5792,0,1,4
44,1,3,0,1.0,0,0,7.8792,1,5,1
45,0,3,1,1.0,0,0,8.05,2,5,1
46,0,3,1,1.0,1,0,15.5,1,5,2
47,1,3,0,1.0,0,0,7.75,1,5,1
48,0,3,1,1.0,2,0,21.6792,0,5,3
49,0,3,0,1.0,1,0,17.8,2,5,2
50,0,3,1,0.0,4,1,39.6875,2,2,6
51,0,3,1,1.0,0,0,7.8,2,5,1
52,1,1,0,3.0,1,0,76.7292,0,0,2
53,1,2,0,1.0,1,0,26.0,2,5,2
54,0,1,1,4.0,0,1,61.9792,0,3,2
55,1,1,1,1.0,0,0,35.5,2,5,1
56,1,2,0,1.0,0,0,10.5,2,5,1
57,0,3,1,1.0,0,0,7.2292,0,5,1
58,1,2,0,0.0,1,2,27.75,2,2,4
59,0,3,1,0.0,5,2,46.9,2,4,8
60,0,3,1,1.0,0,0,7.2292,0,5,1
61,1,1,0,2.0,0,0,80.0,2,0,1
62,0,1,1,2.0,1,0,83.475,2,0,2
63,0,3,1,0.0,3,2,27.9,2,2,6
64,0,1,1,1.0,0,0,27.7208,0,5,1
65,1,3,1,1.0,1,1,15.2458,0,5,3
66,1,2,0,1.0,0,0,10.5,2,5,1
67,0,3,1,1.0,0,0,8.1583,2,5,1
68,1,3,0,1.0,4,2,7.925,2,5,7
69,0,3,1,1.0,2,0,8.6625,2,5,3
70,0,2,1,1.0,0,0,10.5,2,0,1
71,0,3,0,0.0,5,2,46.9,2,5,8
72,0,2,1,1.0,0,0,73.5,2,5,1
73,0,3,1,1.0,1,0,14.4542,0,5,2
74,1,3,1,1.0,0,0,56.4958,2,0,1
75,0,3,1,1.0,0,0,7.65,2,5,1
76,0,3,1,1.0,0,0,7.8958,2,5,1
77,0,3,1,1.0,0,0,8.05,2,5,1
78,1,2,1,0.0,0,2,29.0,2,1,3
79,1,3,0,1.0,0,0,12.475,2,5,1
80,0,3,1,1.0,0,0,9.0,2,5,1
81,1,3,1,1.0,0,0,9.5,2,5,1
82,1,3,0,1.0,0,0,7.7875,1,5,1
83,0,1,1,1.0,0,0,47.1,2,5,1
84,1,2,0,1.0,0,0,10.5,2,5,1
85,1,3,0,2.0,3,0,15.85,2,0,4
86,0,3,1,0.0,1,3,34.375,2,5,5
87,0,3,1,1.0,0,0,8.05,2,5,1
88,1,1,0,1.0,3,2,263.0,2,5,6
89,0,3,1,1.0,0,0,8.05,2,5,1
90,0,3,1,1.0,0,0,8.05,2,5,1
91,0,3,1,1.0,0,0,7.8542,2,5,1
92,0,1,1,2.0,1,0,61.175,2,0,2
93,0,3,1,1.0,1,2,20.575,2,5,4
94,0,3,1,3.0,0,0,7.25,2,0,1
95,0,3,1,1.0,0,0,8.05,2,5,1
96,0,1,1,4.0,0,0,34.6542,0,3,1
97,1,1,1,1.0,0,1,63.3583,0,5,2
98,1,2,0,2.0,0,1,23.0,2,0,2
99,0,2,1,2.0,1,0,26.0,2,0,2
100,0,3,0,1.0,0,0,7.8958,2,5,1
101,0,3,1,1.0,0,0,7.8958,2,5,1
102,0,1,1,1.0,0,1,77.2875,2,5,2
103,0,3,1,2.0,0,0,8.6542,2,0,1
104,0,3,1,2.0,2,0,7.925,2,0,3
105,0,3,1,1.0,0,0,7.8958,2,5,1
106,1,3,0,1.0,0,0,7.65,2,5,1
107,1,3,1,1.0,0,0,7.775,2,5,1
108,0,3,1,2.0,0,0,7.8958,2,0,1
109,1,3,0,1.0,1,0,24.15,1,5,2
110,0,1,1,2.0,0,0,52.0,2,0,1
111,0,3,0,0.0,1,0,14.4542,0,4,2
112,0,3,1,1.0,0,0,8.05,2,5,1
113,0,3,0,1.0,1,0,9.825,2,5,2
114,0,3,0,1.0,0,0,14.4583,0,5,1
115,0,3,1,1.0,0,0,7.925,2,5,1
116,0,3,1,4.0,0,0,7.75,1,3,1
117,0,2,1,1.0,1,0,21.0,2,5,2
118,0,1,1,1.0,0,1,247.5208,0,5,2
119,0,3,0,0.0,4,2,31.275,2,1,7
120,0,2,1,1.0,2,0,73.5,2,5,3
121,0,3,1,1.0,0,0,8.05,2,5,1
122,0,2,1,2.0,1,0,30.0708,0,0,2
123,1,2,0,2.0,0,0,13.0,2,0,1
124,0,1,1,3.0,0,1,77.2875,2,0,2
125,1,3,1,0.0,1,0,11.2417,0,4,2
126,0,3,1,1.0,0,0,7.75,1,5,1
127,1,3,1,1.0,0,0,7.1417,2,5,1
128,1,3,0,1.0,1,1,22.3583,0,5,3
129,0,3,1,2.0,0,0,6.975,2,0,1
130,0,3,1,2.0,0,0,7.8958,0,0,1
131,0,3,1,1.0,0,0,7.05,2,5,1
132,0,3,0,2.0,1,0,14.5,2,0,2
133,1,2,0,1.0,1,0,26.0,2,5,2
134,0,2,1,1.0,0,0,13.0,2,5,1
135,0,2,1,1.0,0,0,15.0458,0,5,1
136,1,1,0,1.0,0,2,26.2833,2,5,3
137,0,1,1,2.0,1,0,53.1,2,0,2
138,0,3,1,0.0,0,0,9.2167,2,5,1
139,0,1,1,1.0,0,0,79.2,0,5,1
140,0,3,0,1.0,0,2,15.2458,0,5,3
141,1,3,0,1.0,0,0,7.75,2,5,1
142,1,3,0,1.0,1,0,15.85,2,5,2
143,0,3,1,1.0,0,0,6.75,1,5,1
144,0,2,1,1.0,0,0,11.5,2,5,1
145,0,2,1,1.0,1,1,36.75,2,5,3
146,1,3,1,1.0,0,0,7.7958,2,5,1
147,0,3,0,0.0,2,2,34.375,2,4,5
148,0,2,1,2.0,0,2,26.0,2,0,3
149,0,2,1,2.0,0,0,13.0,2,0,1
150,0,2,1,3.0,0,0,12.525,2,0,1
151,1,1,0,1.0,1,0,66.6,2,5,2
152,0,3,1,3.0,0,0,8.05,2,0,1
153,0,3,1,2.0,0,2,14.5,2,0,3
154,0,3,1,1.0,0,0,7.3125,2,5,1
155,0,1,1,3.0,0,1,61.3792,0,0,2
156,1,3,0,0.0,0,0,7.7333,1,5,1
157,0,3,1,1.0,0,0,8.05,2,5,1
158,0,3,1,1.0,0,0,8.6625,2,5,1
159,0,3,1,1.0,8,2,69.55,2,5,11
160,0,3,1,2.0,0,1,16.1,2,0,2
161,1,2,0,2.0,0,0,15.75,2,0,1
162,0,3,1,1.0,0,0,7.775,2,5,1
163,0,3,1,1.0,0,0,8.6625,2,5,1
164,0,3,1,0.0,4,1,39.6875,2,1,6
165,1,3,1,0.0,0,2,20.525,2,4,3
166,1,1,0,1.0,0,1,55.0,2,5,2
167,0,3,0,2.0,1,4,27.9,2,0,6
168,0,1,1,1.0,0,0,25.925,2,5,1
169,0,3,1,1.0,0,0,56.4958,2,5,1
170,0,1,1,3.0,0,0,33.5,2,3,1
171,0,3,1,0.0,4,1,29.125,1,2,6
172,1,3,0,0.0,1,1,11.1333,2,1,3
173,0,3,1,1.0,0,0,7.925,2,5,1
174,0,1,1,3.0,0,0,30.6958,0,0,1
175,0,3,1,1.0,1,1,7.8542,2,5,3
176,0,3,1,1.0,3,1,25.4667,2,5,5
177,0,1,0,3.0,0,0,28.7125,0,0,1
178,0,2,1,1.0,0,0,13.0,2,5,1
179,0,3,1,2.0,0,0,0.0,2,0,1
180,0,3,0,1.0,8,2,69.55,2,5,11
181,0,2,1,1.0,0,0,15.05,0,5,1
182,0,3,1,0.0,4,2,31.3875,2,4,7
183,1,2,1,0.0,2,1,39.0,2,1,4
184,1,3,0,0.0,0,2,22.025,2,2,3
185,0,1,1,1.0,0,0,50.0,2,5,1
186,1,3,0,1.0,1,0,15.5,1,5,2
187,1,1,1,2.0,0,0,26.55,2,0,1
188,0,3,1,2.0,1,1,15.5,1,0,3
189,0,3,1,2.0,0,0,7.8958,2,0,1
190,1,2,0,1.0,0,0,13.0,2,0,1
191,0,2,1,1.0,0,0,13.0,2,5,1
192,1,3,0,1.0,1,0,7.8542,2,5,2
193,1,2,1,0.0,1,1,26.0,2,1,3
194,1,1,0,2.0,0,0,27.7208,0,0,1
195,1,1,0,3.0,0,0,146.5208,0,0,1
196,0,3,1,1.0,0,0,7.75,1,5,1
197,0,3,1,2.0,0,1,8.4042,2,0,2
198,1,3,0,1.0,0,0,7.75,1,5,1
199,0,2,0,1.0,0,0,13.0,2,5,1
200,0,3,1,1.0,0,0,9.5,2,5,1
201,0,3,1,1.0,8,2,69.55,2,5,11
202,0,3,1,2.0,0,0,6.4958,2,0,1
203,0,3,1,2.0,0,0,7.225,0,0,1
204,1,3,1,1.0,0,0,8.05,2,5,1
205,0,3,0,0.0,0,1,10.4625,2,1,2
206,0,3,1,1.0,1,0,15.85,2,0,2
207,1,3,1,1.0,0,0,18.7875,0,5,1
208,1,3,0,0.0,0,0,7.75,1,5,1
209,1,1,1,2.0,0,0,31.0,0,0,1
210,0,3,1,1.0,0,0,7.05,2,5,1
211,1,2,0,2.0,0,0,21.0,2,0,1
212,0,3,1,1.0,0,0,7.25,2,5,1
213,0,2,1,1.0,0,0,13.0,2,5,1
214,0,3,1,1.0,1,0,7.75,1,5,2
215,1,1,0,1.0,1,0,113.275,0,0,2
216,1,3,0,1.0,0,0,7.925,2,5,1
217,0,2,1,2.0,1,0,27.0,2,0,2
218,1,1,0,1.0,0,0,76.2917,0,0,1
219,0,2,1,1.0,0,0,10.5,2,5,1
220,1,3,1,0.0,0,0,8.05,2,5,1
221,0,2,1,1.0,0,0,13.0,2,5,1
222,0,3,1,3.0,0,0,8.05,2,0,1
223,0,3,1,1.0,0,0,7.8958,2,5,1
224,1,1,1,2.0,1,0,90.0,2,0,2
225,0,3,1,1.0,0,0,9.35,2,5,1
226,1,2,1,1.0,0,0,10.5,2,5,1
227,0,3,1,1.0,0,0,7.25,2,5,1
228,0,2,1,1.0,0,0,13.0,2,5,1
229,0,3,0,1.0,3,1,25.4667,2,5,5
230,1,1,0,2.0,1,0,83.475,2,0,2
231,0,3,1,1.0,0,0,7.775,2,5,1
232,0,2,1,3.0,0,0,13.5,2,0,1
233,1,3,0,0.0,4,2,31.3875,2,2,7
234,0,2,1,1.0,0,0,10.5,2,5,1
235,0,3,0,1.0,0,0,7.55,2,5,1
236,0,2,1,2.0,1,0,26.0,2,0,2
237,1,2,0,0.0,0,2,26.25,2,4,3
238,0,2,1,1.0,0,0,10.5,2,5,1
239,0,2,1,2.0,0,0,12.275,2,0,1
240,0,3,0,1.0,1,0,14.4542,0,5,2
241,1,3,0,1.0,1,0,15.5,1,5,2
242,0,2,1,1.0,0,0,10.5,2,5,1
243,0,3,1,1.0,0,0,7.125,2,5,1
244,0,3,1,1.0,0,0,7.225,0,5,1
245,0,1,1,2.0,2,0,90.0,1,0,3
246,0,3,0,1.0,0,0,7.775,2,5,1
247,1,2,0,1.0,0,2,14.5,2,5,3
248,1,1,1,2.0,1,1,52.5542,2,0,3
249,0,2,1,3.0,1,0,26.0,2,0,2
250,0,3,1,1.0,0,0,7.25,2,5,1
251,0,3,0,1.0,1,1,10.4625,2,5,3
252,0,1,1,3.0,0,0,26.55,2,3,1
253,0,3,1,1.0,1,0,16.1,2,5,2
254,0,3,0,2.0,0,2,20.2125,2,0,3
255,1,3,0,1.0,0,2,15.2458,0,5,3
256,1,1,0,1.0,0,0,79.2,0,5,1
257,1,1,0,1.0,0,0,86.5,2,5,1
258,1,1,0,2.0,0,0,512.3292,0,0,1
259,1,2,0,3.0,0,1,26.0,2,0,2
260,0,3,1,1.0,0,0,7.75,1,5,1
261,1,3,1,0.0,4,2,31.3875,2,1,7
262,0,1,1,3.0,1,1,79.65,2,0,3
263,0,1,1,2.0,0,0,0.0,2,0,1
264,0,3,0,1.0,0,0,7.75,1,5,1
265,0,2,1,2.0,0,0,10.5,2,0,1
266,0,3,1,0.0,4,1,39.6875,2,5,6
267,1,3,1,1.0,1,0,7.775,2,5,2
268,1,1,0,3.0,0,1,153.4625,2,0,2
269,1,1,0,2.0,0,0,135.6333,2,0,1
270,0,1,1,1.0,0,0,31.0,2,5,1
271,1,3,1,1.0,0,0,0.0,2,5,1
272,1,2,0,2.0,0,1,19.5,2,0,2
273,0,1,1,2.0,0,1,29.7,0,0,2
274,1,3,0,1.0,0,0,7.75,1,5,1
275,1,1,0,3.0,1,0,77.9583,2,3,2
276,0,3,0,2.0,0,0,7.75,2,0,1
277,0,2,1,1.0,0,0,0.0,2,5,1
278,0,3,1,0.0,4,1,29.125,1,2,6
279,1,3,0,2.0,1,1,20.25,2,0,3
280,0,3,1,4.0,0,0,7.75,1,3,1
281,0,3,1,1.0,0,0,7.8542,2,5,1
282,0,3,1,0.0,0,0,9.5,2,5,1
283,1,3,1,1.0,0,0,8.05,2,5,1
284,0,1,1,1.0,0,0,26.0,2,5,1
285,0,3,1,2.0,0,0,8.6625,0,0,1
286,1,3,1,1.0,0,0,9.5,2,5,1
287,0,3,1,1.0,0,0,7.8958,2,5,1
288,1,2,1,2.0,0,0,13.0,2,0,1
289,1,3,0,1.0,0,0,7.75,1,5,1
290,1,1,0,1.0,0,0,78.85,2,5,1
291,1,1,0,1.0,1,0,91.0792,0,5,2
292,0,2,1,2.0,0,0,12.875,0,0,1
293,0,3,0,1.0,0,0,8.85,2,5,1
294,0,3,1,1.0,0,0,7.8958,2,5,1
295,0,1,1,1.0,0,0,27.7208,0,5,1
296,0,3,1,1.0,0,0,7.2292,0,5,1
297,0,1,0,0.0,1,2,151.55,2,1,4
298,1,1,1,1.0,0,0,30.5,2,5,1
299,1,1,0,3.0,0,1,247.5208,0,0,2
300,1,3,0,1.0,0,0,7.75,1,5,1
301,1,3,1,1.0,2,0,23.25,1,5,3
302,0,3,1,1.0,0,0,0.0,2,5,1
303,1,2,0,1.0,0,0,12.35,1,5,1
304,0,3,1,1.0,0,0,8.05,2,5,1
305,1,1,1,0.0,1,2,151.55,2,1,4
306,1,1,0,1.0,0,0,110.8833,0,5,1
307,1,1,0,1.0,1,0,108.9,0,5,2
308,0,2,1,1.0,1,0,24.0,0,5,2
309,1,1,0,1.0,0,0,56.9292,0,5,1
310,1,1,0,1.0,0,0,83.1583,0,5,1
311,1,1,0,1.0,2,2,262.375,0,5,5
312,0,2,0,1.0,1,1,26.0,2,5,3
313,0,3,1,1.0,0,0,7.8958,2,5,1
314,0,2,1,2.0,1,1,26.25,2,0,3
315,1,3,0,1.0,0,0,7.8542,2,5,1
316,1,2,0,1.0,1,0,26.0,2,5,2
317,0,2,1,3.0,0,0,14.0,2,0,1
318,1,1,0,1.0,0,2,164.8667,2,0,3
319,1,1,0,2.0,1,1,134.5,0,0,3
320,0,3,1,1.0,0,0,7.25,2,5,1
321,0,3,1,1.0,0,0,7.8958,2,5,1
322,1,2,0,1.0,0,0,12.35,1,5,1
323,1,2,0,1.0,1,1,29.0,2,5,3
324,0,3,1,1.0,8,2,69.55,2,5,11
325,1,1,0,2.0,0,0,135.6333,0,0,1
326,0,3,1,3.0,0,0,6.2375,2,3,1
327,1,2,0,2.0,0,0,13.0,2,0,1
328,1,3,0,1.0,1,1,20.525,2,0,3
329,1,1,0,0.0,0,1,57.9792,0,5,2
330,1,3,0,1.0,2,0,23.25,1,5,3
331,0,1,1,2.0,0,0,28.5,2,0,1
332,0,1,1,2.0,0,1,153.4625,2,0,2
333,0,3,1,0.0,2,0,18.0,2,5,3
334,1,1,0,1.0,1,0,133.65,2,5,2
335,0,3,1,1.0,0,0,7.8958,2,5,1
336,0,1,1,1.0,1,0,66.6,2,5,2
337,1,1,0,2.0,0,0,134.5,0,0,1
338,1,3,1,2.0,0,0,8.05,2,0,1
339,0,1,1,2.0,0,0,35.5,2,0,1
340,1,2,1,0.0,1,1,26.0,2,1,3
341,1,1,0,1.0,3,2,263.0,2,5,6
342,0,2,1,1.0,0,0,13.0,2,5,1
343,0,2,1,1.0,0,0,13.0,2,5,1
344,0,2,1,2.0,0,0,13.0,2,0,1
345,1,2,0,1.0,0,0,13.0,2,5,1
346,1,2,0,2.0,0,0,13.0,2,0,1
347,1,3,0,1.0,1,0,16.1,2,5,2
348,1,3,1,0.0,1,1,15.9,2,1,3
349,0,3,1,2.0,0,0,8.6625,2,0,1
350,0,3,1,1.0,0,0,9.225,2,5,1
351,0,1,1,1.0,0,0,35.0,2,5,1
352,0,3,1,0.0,1,1,7.2292,0,4,3
353,0,3,1,1.0,1,0,17.8,2,5,2
354,0,3,1,1.0,0,0,7.225,0,5,1
355,0,3,1,1.0,0,0,9.5,2,5,1
356,1,1,0,1.0,0,1,55.0,2,5,2
357,0,2,0,2.0,0,0,13.0,2,0,1
358,1,3,0,1.0,0,0,7.8792,1,5,1
359,1,3,0,1.0,0,0,7.8792,1,5,1
360,0,3,1,2.0,1,4,27.9,2,0,6
361,0,2,1,1.0,1,0,27.7208,0,5,2
362,0,3,0,2.0,0,1,14.4542,0,0,2
363,0,3,1,2.0,0,0,7.05,2,0,1
364,0,3,1,1.0,1,0,15.5,1,5,2
365,0,3,1,1.0,0,0,7.25,2,5,1
366,1,1,0,3.0,1,0,75.25,0,0,2
367,1,3,0,1.0,0,0,7.2292,0,5,1
368,1,3,0,1.0,0,0,7.75,1,5,1
369,1,1,0,1.0,0,0,69.3,0,5,1
370,1,1,1,1.0,1,0,55.4417,0,5,2
371,0,3,1,1.0,1,0,6.4958,2,5,2
372,0,3,1,1.0,0,0,8.05,2,5,1
373,0,1,1,1.0,0,0,135.6333,0,5,1
374,0,3,0,0.0,3,1,21.075,2,1,5
375,1,1,0,1.0,1,0,82.1708,0,5,2
376,1,3,0,1.0,0,0,7.25,2,5,1
377,0,1,1,1.0,0,2,211.5,0,5,3
378,0,3,1,1.0,0,0,4.0125,0,5,1
379,0,3,1,1.0,0,0,7.775,2,5,1
380,1,1,0,2.0,0,0,227.525,0,0,1
381,1,3,0,0.0,0,2,15.7417,0,1,3
382,0,3,1,1.0,0,0,7.925,2,0,1
383,1,1,0,2.0,1,0,52.0,2,0,2
384,0,3,1,1.0,0,0,7.8958,2,5,1
385,0,2,1,1.0,0,0,73.5,2,5,1
386,0,3,1,0.0,5,2,46.9,2,1,8
387,1,2,0,2.0,0,0,13.0,2,0,1
388,0,3,1,1.0,0,0,7.7292,1,5,1
389,1,2,0,1.0,0,0,12.0,0,5,1
390,1,1,1,2.0,1,2,120.0,2,0,4
391,1,3,1,1.0,0,0,7.7958,2,5,1
392,0,3,1,1.0,2,0,7.925,2,5,3
393,1,1,0,1.0,1,0,113.275,0,5,2
394,1,3,0,1.0,0,2,16.7,2,5,3
395,0,3,1,1.0,0,0,7.7958,2,5,1
396,0,3,0,1.0,0,0,7.8542,2,0,1
397,0,2,1,2.0,0,0,26.0,2,0,1
398,0,2,1,1.0,0,0,10.5,2,5,1
399,1,2,0,1.0,0,0,12.65,2,5,1
400,1,3,1,2.0,0,0,7.925,2,0,1
401,0,3,1,1.0,0,0,8.05,2,5,1
402,0,3,0,1.0,1,0,9.825,2,5,2
403,0,3,1,1.0,1,0,15.85,2,5,2
404,0,3,0,1.0,0,0,8.6625,2,5,1
405,0,2,1,2.0,1,0,21.0,2,0,2
406,0,3,1,3.0,0,0,7.75,2,0,1
407,1,2,1,0.0,1,1,18.75,2,1,3
408,0,3,1,1.0,0,0,7.775,2,5,1
409,0,3,0,1.0,3,1,25.4667,2,5,5
410,0,3,1,1.0,0,0,7.8958,2,5,1
411,0,3,1,1.0,0,0,6.8583,1,5,1
412,1,1,0,2.0,1,0,90.0,1,0,2
413,0,2,1,1.0,0,0,0.0,2,5,1
414,1,3,1,2.0,0,0,7.925,2,0,1
415,0,3,0,1.0,0,0,8.05,2,5,1
416,1,2,0,2.0,1,1,32.5,2,0,3
417,1,2,0,1.0,0,2,13.0,2,5,3
418,0,2,1,1.0,0,0,13.0,2,5,1
419,0,3,0,0.0,0,2,24.15,2,4,3
420,0,3,1,1.0,0,0,7.8958,0,5,1
421,0,3,1,1.0,0,0,7.7333,1,5,1
422,0,3,1,1.0,0,0,7.875,2,5,1
423,0,3,0,1.0,1,1,14.4,2,5,3
424,0,3,1,1.0,1,1,20.2125,2,5,3
425,0,3,1,1.0,0,0,7.25,2,5,1
426,1,2,0,1.0,1,0,26.0,2,5,2
427,1,2,0,1.0,0,0,26.0,2,5,1
428,0,3,1,1.0,0,0,7.75,1,5,1
429,1,3,1,1.0,0,0,8.05,2,0,1
430,1,1,1,1.0,0,0,26.55,2,5,1
431,1,3,0,1.0,1,0,16.1,2,5,2
432,1,2,0,2.0,1,0,26.0,2,0,2
433,0,3,1,1.0,0,0,7.125,2,5,1
434,0,1,1,3.0,1,0,55.9,2,0,2
435,1,1,0,0.0,1,2,120.0,2,4,4
436,0,3,0,1.0,2,2,34.375,2,5,5
437,1,2,0,1.0,2,3,18.75,2,5,6
438,0,1,1,3.0,1,4,263.0,2,3,6
439,0,2,1,1.0,0,0,10.5,2,0,1
440,1,2,0,2.0,1,1,26.25,2,0,3
441,0,3,1,1.0,0,0,9.5,2,5,1
442,0,3,1,1.0,1,0,7.775,2,5,2
443,1,2,0,1.0,0,0,13.0,2,5,1
444,1,3,1,1.0,0,0,8.1125,2,5,1
445,1,1,1,0.0,0,2,81.8583,2,2,3
446,1,2,0,0.0,0,1,19.5,2,4,2
447,1,1,1,2.0,0,0,26.55,2,0,1
448,1,3,0,0.0,2,1,19.2583,0,2,4
449,1,1,1,3.0,0,0,30.5,2,0,1
450,0,2,1,2.0,1,2,27.75,2,0,4
451,0,3,1,1.0,1,0,19.9667,2,5,2
452,0,1,1,1.0,0,0,27.75,0,5,1
453,1,1,1,3.0,1,0,89.1042,0,0,2
454,0,3,1,1.0,0,0,8.05,2,5,1
455,1,3,1,1.0,0,0,7.8958,0,5,1
456,0,1,1,4.0,0,0,26.55,2,3,1
457,1,1,0,1.0,1,0,51.8625,2,5,2
458,1,2,0,3.0,0,0,10.5,2,0,1
459,0,3,1,1.0,0,0,7.75,1,5,1
460,1,1,1,2.0,0,0,26.55,2,0,1
461,0,3,1,2.0,0,0,8.05,2,0,1
462,0,1,1,2.0,0,0,38.5,2,0,1
463,0,2,1,2.0,0,0,13.0,2,0,1
464,0,3,1,1.0,0,0,8.05,2,5,1
465,0,3,1,2.0,0,0,7.05,2,0,1
466,0,2,1,1.0,0,0,0.0,2,5,1
467,0,1,1,3.0,0,0,26.55,2,0,1
468,0,3,1,1.0,0,0,7.725,1,5,1
469,1,3,0,0.0,2,1,19.2583,0,1,4
470,0,3,1,1.0,0,0,7.25,2,5,1
471,0,3,1,2.0,0,0,8.6625,2,0,1
472,1,2,0,2.0,1,2,27.75,2,0,4
473,1,2,0,1.0,0,0,13.7917,0,5,1
474,0,3,0,1.0,0,0,9.8375,2,5,1
475,0,1,1,1.0,0,0,52.0,2,5,1
476,0,2,1,2.0,1,0,21.0,2,0,2
477,0,3,1,1.0,1,0,7.0458,2,5,2
478,0,3,1,1.0,0,0,7.5208,2,5,1
479,1,3,0,0.0,0,1,12.2875,2,1,2
480,0,3,1,0.0,5,2,46.9,2,4,8
481,0,2,1,1.0,0,0,0.0,2,5,1
482,0,3,1,3.0,0,0,8.05,2,0,1
483,1,3,0,3.0,0,0,9.5875,2,3,1
484,1,1,1,1.0,1,0,91.0792,0,5,2
485,0,3,0,1.0,3,1,25.4667,2,5,5
486,1,1,0,2.0,1,0,90.0,2,0,2
487,0,1,1,3.0,0,0,29.7,0,0,1
488,0,3,1,1.0,0,0,8.05,2,5,1
489,1,3,1,0.0,1,1,15.9,2,4,3
490,0,3,1,1.0,1,0,19.9667,2,5,2
491,0,3,1,1.0,0,0,7.25,2,5,1
492,0,1,1,3.0,0,0,30.5,2,0,1
493,0,1,1,4.0,0,0,49.5042,0,3,1
494,0,3,1,1.0,0,0,8.05,2,5,1
495,0,3,1,1.0,0,0,14.4583,0,5,1
496,1,1,0,3.0,1,0,78.2667,0,0,2
497,0,3,1,1.0,0,0,15.1,2,5,1
498,0,1,0,1.0,1,2,151.55,2,5,4
499,0,3,1,1.0,0,0,7.7958,2,5,1
500,0,3,1,1.0,0,0,8.6625,2,5,1
501,0,3,0,1.0,0,0,7.75,1,5,1
502,0,3,0,1.0,0,0,7.6292,1,5,1
503,0,3,0,2.0,0,0,9.5875,2,0,1
504,1,1,0,0.0,0,0,86.5,2,5,1
505,0,1,1,1.0,1,0,108.9,0,5,2
506,1,2,0,2.0,0,2,26.0,2,0,3
507,1,1,1,1.0,0,0,26.55,2,5,1
508,0,3,1,1.0,0,0,22.525,2,5,1
509,1,3,1,1.0,0,0,56.4958,2,5,1
510,1,3,1,1.0,0,0,7.75,1,5,1
511,0,3,1,1.0,0,0,8.05,2,5,1
512,1,1,1,2.0,0,0,26.2875,2,0,1
513,1,1,0,3.0,1,0,59.4,0,0,2
514,0,3,1,1.0,0,0,7.4958,2,5,1
515,0,1,1,2.0,0,0,34.0208,2,0,1
516,1,2,0,2.0,0,0,10.5,2,0,1
517,0,3,1,1.0,0,0,24.15,1,5,1
518,1,2,0,2.0,1,0,26.0,2,0,2
519,0,3,1,1.0,0,0,7.8958,2,0,1
520,1,1,0,1.0,0,0,93.5,2,5,1
521,0,3,1,1.0,0,0,7.8958,2,5,1
522,0,3,1,1.0,0,0,7.225,0,5,1
523,1,1,0,2.0,0,1,57.9792,0,0,2
524,0,3,1,1.0,0,0,7.2292,0,5,1
525,0,3,1,2.0,0,0,7.75,1,0,1
526,1,2,0,3.0,0,0,10.5,2,0,1
527,0,1,1,1.0,0,0,221.7792,2,5,1
528,0,3,1,2.0,0,0,7.925,2,0,1
529,0,2,1,1.0,2,1,11.5,2,5,4
530,1,2,0,0.0,1,1,26.0,2,1,3
531,0,3,1,1.0,0,0,7.2292,0,5,1
532,0,3,1,1.0,1,1,7.2292,0,5,3
533,1,3,0,1.0,0,2,22.3583,0,5,3
534,0,3,0,1.0,0,0,8.6625,2,5,1
535,1,2,0,0.0,0,2,26.25,2,2,3
536,0,1,1,2.0,0,0,26.55,2,0,1
537,1,1,0,1.0,0,0,106.425,0,5,1
538,0,3,1,1.0,0,0,14.5,2,5,1
539,1,1,0,1.0,0,2,49.5,0,5,3
540,1,1,0,2.0,0,2,71.0,2,0,3
541,0,3,0,0.0,4,2,31.275,2,4,7
542,0,3,0,0.0,4,2,31.275,2,4,7
543,1,2,1,1.0,1,0,26.0,2,0,2
544,0,1,1,3.0,1,0,106.425,0,0,2
545,0,1,1,3.0,0,0,26.0,2,3,1
546,1,2,0,1.0,1,0,26.0,2,5,2
547,1,2,1,1.0,0,0,13.8625,0,5,1
548,0,3,1,2.0,1,1,20.525,2,0,3
549,1,2,1,0.0,1,1,36.75,2,4,3
550,1,1,1,1.0,0,2,110.8833,0,5,3
551,0,2,1,1.0,0,0,26.0,2,5,1
552,0,3,1,1.0,0,0,7.8292,1,5,1
553,1,3,1,1.0,0,0,7.225,0,5,1
554,1,3,0,1.0,0,0,7.775,2,5,1
555,0,1,1,3.0,0,0,26.55,2,3,1
556,1,1,0,2.0,1,0,39.6,0,0,2
557,0,1,1,1.0,0,0,227.525,0,5,1
558,1,1,0,2.0,1,1,79.65,2,0,3
559,1,3,0,2.0,1,0,17.4,2,0,2
560,0,3,1,1.0,0,0,7.75,1,5,1
561,0,3,1,2.0,0,0,7.8958,2,0,1
562,0,2,1,1.0,0,0,13.5,2,5,1
563,0,3,1,1.0,0,0,8.05,2,5,1
564,0,3,0,1.0,0,0,8.05,2,5,1
565,0,3,1,1.0,2,0,24.15,2,5,3
566,0,3,1,1.0,0,0,7.8958,2,5,1
567,0,3,0,1.0,0,4,21.075,2,5,5
568,0,3,1,1.0,0,0,7.2292,0,5,1
569,1,3,1,1.0,0,0,7.8542,2,0,1
570,1,2,1,3.0,0,0,10.5,2,3,1
571,1,1,0,3.0,2,0,51.4792,2,0,3
572,1,1,1,2.0,0,0,26.3875,2,0,1
573,1,3,0,1.0,0,0,7.75,1,5,1
574,0,3,1,0.0,0,0,8.05,2,5,1
575,0,3,1,1.0,0,0,14.5,2,5,1
576,1,2,0,2.0,0,0,13.0,2,0,1
577,1,1,0,2.0,1,0,55.9,2,0,2
578,0,3,0,1.0,1,0,14.4583,0,5,2
579,1,3,1,1.0,0,0,7.925,2,0,1
580,1,2,0,1.0,1,1,30.0,2,5,3
581,1,1,0,2.0,1,1,110.8833,0,0,3
582,0,2,1,3.0,0,0,26.0,2,0,1
583,0,1,1,2.0,0,0,40.125,0,0,1
584,0,3,1,1.0,0,0,8.7125,0,5,1
585,1,1,0,1.0,0,2,79.65,2,5,3
586,0,2,1,2.0,0,0,15.0,2,0,1
587,1,1,1,3.0,1,1,79.2,0,0,3
588,0,3,1,1.0,0,0,8.05,2,5,1
589,0,3,1,1.0,0,0,8.05,2,5,1
590,0,3,1,2.0,0,0,7.125,2,0,1
591,1,1,0,3.0,1,0,78.2667,0,0,2
592,0,3,1,2.0,0,0,7.25,2,0,1
593,0,3,0,1.0,0,2,7.75,1,5,3
594,0,2,1,2.0,1,0,26.0,2,0,2
595,0,3,1,2.0,1,1,24.15,2,0,3
596,1,2,0,1.0,0,0,33.0,2,5,1
597,0,3,1,3.0,0,0,0.0,2,0,1
598,0,3,1,1.0,0,0,7.225,0,5,1
599,1,1,1,3.0,1,0,56.9292,0,0,2
600,1,2,0,1.0,2,1,27.0,2,5,4
601,0,3,1,1.0,0,0,7.8958,2,5,1
602,0,1,1,1.0,0,0,42.4,2,5,1
603,0,3,1,2.0,0,0,8.05,2,0,1
604,1,1,1,2.0,0,0,26.55,0,0,1
605,0,3,1,2.0,1,0,15.55,2,0,2
606,0,3,1,1.0,0,0,7.8958,2,5,1
607,1,1,1,1.0,0,0,30.5,2,5,1
608,1,2,0,1.0,1,2,41.5792,0,5,4
609,1,1,0,2.0,0,0,153.4625,2,0,1
610,0,3,0,2.0,1,5,31.275,2,0,7
611,0,3,1,1.0,0,0,7.05,2,5,1
612,1,3,0,1.0,1,0,15.5,1,5,2
613,0,3,1,1.0,0,0,7.75,1,5,1
614,0,3,1,2.0,0,0,8.05,2,0,1
615,1,2,0,1.0,1,2,65.0,2,5,4
616,0,3,1,2.0,1,1,14.4,2,0,3
617,0,3,0,1.0,1,0,16.1,2,5,2
618,1,2,0,0.0,2,1,39.0,2,2,4
619,0,2,1,1.0,0,0,10.5,2,5,1
620,0,3,1,1.0,1,0,14.4542,0,5,2
621,1,1,1,2.0,1,0,52.5542,2,0,2
622,1,3,1,1.0,1,1,15.7417,0,5,3
623,0,3,1,1.0,0,0,7.8542,2,5,1
624,0,3,1,1.0,0,0,16.1,2,5,1
625,0,1,1,3.0,0,0,32.3208,2,3,1
626,0,2,1,3.0,0,0,12.35,1,0,1
627,1,1,0,1.0,0,0,77.9583,2,5,1
628,0,3,1,1.0,0,0,7.8958,2,5,1
629,0,3,1,1.0,0,0,7.7333,1,5,1
630,1,1,1,4.0,0,0,30.0,2,3,1
631,0,3,1,3.0,0,0,7.0542,2,0,1
632,1,1,1,1.0,0,0,30.5,0,0,1
633,0,1,1,1.0,0,0,0.0,2,5,1
634,0,3,0,0.0,3,2,27.9,2,4,6
635,1,2,0,1.0,0,0,13.0,2,5,1
636,0,3,1,1.0,0,0,7.925,2,0,1
637,0,2,1,1.0,1,1,26.25,2,0,3
638,0,3,0,2.0,0,5,39.6875,2,0,6
639,0,3,1,1.0,1,0,16.1,2,5,2
640,0,3,1,1.0,0,0,7.8542,2,5,1
641,1,1,0,1.0,0,0,69.3,0,5,1
642,0,3,0,0.0,3,2,27.9,2,1,6
643,1,3,1,1.0,0,0,56.4958,2,5,1
644,1,3,0,0.0,2,1,19.2583,0,1,4
645,1,1,1,2.0,1,0,76.7292,0,0,2
646,0,3,1,1.0,0,0,7.8958,2,5,1
647,1,1,1,3.0,0,0,35.5,0,0,1
648,0,3,1,1.0,0,0,7.55,2,5,1
649,1,3,0,1.0,0,0,7.55,2,5,1
650,0,3,1,1.0,0,0,7.8958,2,5,1
651,1,2,0,1.0,0,1,23.0,2,5,2
652,0,3,1,1.0,0,0,8.4333,2,5,1
653,1,3,0,1.0,0,0,7.8292,1,5,1
654,0,3,0,1.0,0,0,6.75,1,5,1
655,0,2,1,1.0,2,0,73.5,2,5,3
656,0,3,1,1.0,0,0,7.8958,2,5,1
657,0,3,0,1.0,1,1,15.5,1,0,3
658,0,2,1,1.0,0,0,13.0,2,5,1
659,0,1,1,3.0,0,2,113.275,0,0,3
660,1,1,1,3.0,2,0,133.65,2,0,3
661,0,3,1,2.0,0,0,7.225,0,0,1
662,0,1,1,2.0,0,0,25.5875,2,0,1
663,0,3,1,2.0,0,0,7.4958,2,0,1
664,1,3,1,1.0,1,0,7.925,2,5,2
665,0,2,1,1.0,2,0,73.5,2,0,3
666,0,2,1,1.0,0,0,13.0,2,5,1
667,0,3,1,1.0,0,0,7.775,2,5,1
668,0,3,1,2.0,0,0,8.05,2,0,1
669,1,1,0,1.0,1,0,52.0,2,5,2
670,1,2,0,2.0,1,1,39.0,2,0,3
671,0,1,1,1.0,1,0,52.0,2,0,2
672,0,2,1,4.0,0,0,10.5,2,3,1
673,1,2,1,1.0,0,0,13.0,2,0,1
674,0,2,1,1.0,0,0,0.0,2,5,1
675,0,3,1,1.0,0,0,7.775,2,5,1
676,0,3,1,1.0,0,0,8.05,2,5,1
677,1,3,0,1.0,0,0,9.8417,2,5,1
678,0,3,0,2.0,1,6,46.9,2,0,8
679,1,1,1,2.0,0,1,512.3292,0,0,2
680,0,3,0,1.0,0,0,8.1375,1,5,1
681,1,1,1,1.0,0,0,76.7292,0,5,1
682,0,3,1,1.0,0,0,9.225,2,5,1
683,0,3,1,0.0,5,2,46.9,2,4,8
684,0,2,1,3.0,1,1,39.0,2,0,3
685,0,2,1,1.0,1,2,41.5792,0,5,4
686,0,3,1,0.0,4,1,39.6875,2,4,6
687,0,3,1,1.0,0,0,10.1708,2,5,1
688,0,3,1,1.0,0,0,7.7958,2,5,1
689,1,1,0,0.0,0,1,211.3375,2,4,2
690,1,1,1,1.0,1,0,57.0,2,0,2
691,1,3,0,0.0,0,1,13.4167,0,2,2
692,1,3,1,1.0,0,0,56.4958,2,5,1
693,0,3,1,1.0,0,0,7.225,0,5,1
694,0,1,1,3.0,0,0,26.55,2,0,1
695,0,2,1,3.0,0,0,13.5,2,0,1
696,0,3,1,2.0,0,0,8.05,2,0,1
697,1,3,0,1.0,0,0,7.7333,1,5,1
698,0,1,1,3.0,1,1,110.8833,0,0,3
699,0,3,1,2.0,0,0,7.65,2,0,1
700,1,1,0,1.0,1,0,227.525,0,5,2
701,1,1,1,2.0,0,0,26.2875,2,0,1
702,0,3,0,1.0,0,1,14.4542,0,5,2
703,0,3,1,1.0,0,0,7.7417,1,5,1
704,0,3,1,1.0,1,0,7.8542,2,5,2
705,0,2,1,2.0,0,0,26.0,2,0,1
706,1,2,0,2.0,0,0,13.5,2,0,1
707,1,1,1,2.0,0,0,26.2875,2,0,1
708,1,1,0,1.0,0,0,151.55,2,5,1
709,1,3,1,1.0,1,1,15.2458,0,5,3
710,1,1,0,1.0,0,0,49.5042,0,5,1
711,0,1,1,1.0,0,0,26.55,2,5,1
712,1,1,1,2.0,1,0,52.0,2,0,2
713,0,3,1,1.0,0,0,9.4833,2,5,1
714,0,2,1,3.0,0,0,13.0,2,0,1
715,0,3,1,1.0,0,0,7.65,2,5,1
716,1,1,0,2.0,0,0,227.525,0,0,1
717,1,2,0,1.0,0,0,10.5,2,5,1
718,0,3,1,1.0,0,0,15.5,1,5,1
719,0,3,1,2.0,0,0,7.775,2,0,1
720,1,2,0,0.0,0,1,33.0,2,2,2
721,0,3,1,1.0,1,0,7.0542,2,5,2
722,0,2,1,2.0,0,0,13.0,2,0,1
723,0,2,1,3.0,0,0,13.0,2,0,1
724,1,1,1,1.0,1,0,53.1,2,5,2
725,0,3,1,1.0,0,0,8.6625,2,5,1
726,1,2,0,1.0,3,0,21.0,2,5,4
727,1,3,0,1.0,0,0,7.7375,1,5,1
728,0,2,1,1.0,1,0,26.0,2,5,2
729,0,3,0,1.0,1,0,7.925,2,5,2
730,1,1,0,1.0,0,0,211.3375,2,5,1
731,0,3,1,0.0,0,0,18.7875,0,4,1
732,0,2,1,1.0,0,0,0.0,2,5,1
733,0,2,1,1.0,0,0,13.0,2,5,1
734,0,2,1,1.0,0,0,13.0,2,5,1
735,0,3,1,1.0,0,0,16.1,2,5,1
736,0,3,0,2.0,1,3,34.375,2,0,5
737,1,1,1,2.0,0,0,512.3292,0,0,1
738,0,3,1,1.0,0,0,7.8958,2,5,1
739,0,3,1,1.0,0,0,7.8958,2,5,1
740,1,1,1,1.0,0,0,30.0,2,5,1
741,0,1,1,2.0,1,0,78.85,2,0,2
742,1,1,0,1.0,2,2,262.375,0,5,5
743,0,3,1,1.0,1,0,16.1,2,5,2
744,1,3,1,1.0,0,0,7.925,2,0,1
745,0,1,1,4.0,1,1,71.0,2,3,3
746,0,3,1,0.0,1,1,20.25,2,5,3
747,1,2,0,1.0,0,0,13.0,2,5,1
748,0,1,1,1.0,1,0,53.1,2,5,2
749,0,3,1,1.0,0,0,7.75,1,0,1
750,1,2,0,0.0,1,1,23.0,2,2,3
751,1,3,1,0.0,0,1,12.475,2,2,2
752,0,3,1,2.0,0,0,9.5,2,0,1
753,0,3,1,1.0,0,0,7.8958,2,5,1
754,1,2,0,2.0,1,2,65.0,2,0,4
755,1,2,1,0.0,1,1,14.5,2,1,3
756,0,3,1,1.0,0,0,7.7958,2,5,1
757,0,2,1,1.0,0,0,11.5,2,5,1
758,0,3,1,2.0,0,0,8.05,2,0,1
759,1,1,0,2.0,0,0,86.5,2,0,1
760,0,3,1,1.0,0,0,14.5,2,5,1
761,0,3,1,2.0,0,0,7.125,2,0,1
762,1,3,1,1.0,0,0,7.2292,0,5,1
763,1,1,0,2.0,1,2,120.0,2,0,4
764,0,3,1,0.0,0,0,7.775,2,5,1
765,1,1,0,3.0,1,0,77.9583,2,0,2
766,0,1,1,1.0,0,0,39.6,0,5,1
767,0,3,0,1.0,0,0,7.75,1,0,1
768,0,3,1,1.0,1,0,24.15,1,5,2
769,0,3,1,1.0,0,0,8.3625,2,0,1
770,0,3,1,1.0,0,0,9.5,2,5,1
771,0,3,1,2.0,0,0,7.8542,2,0,1
772,0,2,0,3.0,0,0,10.5,2,0,1
773,0,3,1,1.0,0,0,7.225,0,5,1
774,1,2,0,3.0,1,3,23.0,2,0,5
775,0,3,1,1.0,0,0,7.75,2,5,1
776,0,3,1,1.0,0,0,7.75,1,5,1
777,1,3,0,0.0,0,0,12.475,2,2,1
778,0,3,1,1.0,0,0,7.7375,1,5,1
779,1,1,0,2.0,0,1,211.3375,2,0,2
780,1,3,0,0.0,0,0,7.2292,0,4,1
781,1,1,0,1.0,1,0,57.0,2,5,2
782,0,1,1,1.0,0,0,30.0,2,5,1
783,0,3,1,1.0,1,2,23.45,2,5,4
784,0,3,1,1.0,0,0,7.05,2,5,1
785,0,3,1,1.0,0,0,7.25,2,5,1
786,1,3,0,1.0,0,0,7.4958,2,5,1
787,0,3,1,0.0,4,1,29.125,1,4,6
788,1,3,1,0.0,1,2,20.575,2,1,4
789,0,1,1,2.0,0,0,79.2,0,0,1
790,0,3,1,1.0,0,0,7.75,1,5,1
791,0,2,1,0.0,0,0,26.0,2,5,1
792,0,3,0,1.0,8,2,69.55,2,5,11
793,0,1,1,1.0,0,0,30.6958,0,5,1
794,0,3,1,1.0,0,0,7.8958,2,5,1
795,0,2,1,2.0,0,0,13.0,2,0,1
796,1,1,0,3.0,0,0,25.9292,2,0,1
797,1,3,0,1.0,0,0,8.6833,2,0,1
798,0,3,1,1.0,0,0,7.2292,0,5,1
799,0,3,0,1.0,1,1,24.15,2,5,3
800,0,2,1,2.0,0,0,13.0,2,0,1
801,1,2,0,1.0,1,1,26.25,2,0,3
802,1,1,1,0.0,1,2,120.0,2,4,4
803,1,3,1,0.0,0,1,8.5167,0,1,2
804,1,3,1,1.0,0,0,6.975,2,5,1
805,0,3,1,1.0,0,0,7.775,2,0,1
806,0,1,1,2.0,0,0,0.0,2,0,1
807,0,3,0,1.0,0,0,7.775,2,5,1
808,0,2,1,2.0,0,0,13.0,2,0,1
809,1,1,0,2.0,1,0,53.1,2,0,2
810,0,3,1,1.0,0,0,7.8875,2,5,1
811,0,3,1,2.0,0,0,24.15,2,0,1
812,0,2,1,2.0,0,0,10.5,2,0,1
813,0,3,0,0.0,4,2,31.275,2,2,7
814,0,3,1,1.0,0,0,8.05,2,0,1
815,0,1,1,1.0,0,0,0.0,2,5,1
816,0,3,0,1.0,0,0,7.925,2,5,1
817,0,2,1,1.0,1,1,37.0042,0,0,3
818,0,3,1,2.0,0,0,6.45,2,0,1
819,0,3,1,0.0,3,2,27.9,2,4,6
820,1,1,0,3.0,1,1,93.5,2,0,3
821,1,3,1,1.0,0,0,8.6625,2,5,1
822,0,1,1,2.0,0,0,0.0,2,0,1
823,1,3,0,1.0,0,1,12.475,2,5,2
824,0,3,1,0.0,4,1,39.6875,2,1,6
825,0,3,1,1.0,0,0,6.95,1,5,1
826,0,3,1,1.0,0,0,56.4958,2,5,1
827,1,2,1,0.0,0,2,37.0042,0,1,3
828,1,3,1,1.0,0,0,7.75,1,5,1
829,1,1,0,3.0,0,0,80.0,2,3,1
830,1,3,0,0.0,1,0,14.4542,0,4,2
831,1,2,1,0.0,1,1,18.75,2,1,3
832,0,3,1,1.0,0,0,7.2292,0,5,1
833,0,3,1,1.0,0,0,7.8542,2,5,1
834,0,3,1,1.0,0,0,8.3,2,5,1
835,1,1,0,2.0,1,1,83.1583,0,0,3
836,0,3,1,1.0,0,0,8.6625,2,5,1
837,0,3,1,1.0,0,0,8.05,2,5,1
838,1,3,1,1.0,0,0,56.4958,2,0,1
839,1,1,1,1.0,0,0,29.7,0,5,1
840,0,3,1,1.0,0,0,7.925,2,5,1
841,0,2,1,0.0,0,0,10.5,2,5,1
842,1,1,0,1.0,0,0,31.0,0,5,1
843,0,3,1,2.0,0,0,6.4375,0,0,1
844,0,3,1,1.0,0,0,8.6625,2,5,1
845,0,3,1,2.0,0,0,7.55,2,0,1
846,0,3,1,1.0,8,2,69.55,2,5,11
847,0,3,1,2.0,0,0,7.8958,0,0,1
848,0,2,1,1.0,0,1,33.0,2,5,2
849,1,1,0,1.0,1,0,89.1042,0,5,2
850,0,3,1,0.0,4,2,31.275,2,2,7
851,0,3,1,4.0,0,0,7.775,2,3,1
852,0,3,0,0.0,1,1,15.2458,0,4,3
853,1,1,0,0.0,0,1,39.4,2,5,2
854,0,2,0,2.0,1,0,26.0,2,0,2
855,1,3,0,1.0,0,1,9.35,2,5,2
856,1,1,0,2.0,1,1,164.8667,2,0,3
857,1,1,1,3.0,0,0,26.55,2,0,1
858,1,3,0,1.0,0,3,19.2583,0,5,4
859,0,3,1,1.0,0,0,7.2292,0,5,1
860,0,3,1,2.0,2,0,14.1083,2,0,3
861,0,2,1,1.0,1,0,11.5,2,5,2
862,1,1,0,2.0,0,0,25.9292,2,0,1
863,0,3,0,1.0,8,2,69.55,2,5,11
864,0,2,1,1.0,0,0,13.0,2,5,1
865,1,2,0,2.0,0,0,13.0,2,0,1
866,1,2,0,1.0,1,0,13.8583,0,5,2
867,0,1,1,1.0,0,0,50.4958,2,0,1
868,0,3,1,1.0,0,0,9.5,2,5,1
869,1,3,1,0.0,1,1,11.1333,2,2,3
870,0,3,1,1.0,0,0,7.8958,2,5,1
871,1,1,0,2.0,1,1,52.5542,2,0,3
872,0,1,1,2.0,0,0,5.0,2,0,1
873,0,3,1,2.0,0,0,9.0,2,0,1
874,1,2,0,1.0,1,0,24.0,0,5,2
875,1,3,0,0.0,0,0,7.225,0,4,1
876,0,3,1,1.0,0,0,9.8458,2,5,1
877,0,3,1,1.0,0,0,7.8958,2,5,1
878,0,3,1,1.0,0,0,7.8958,2,5,1
879,1,1,0,3.0,0,1,83.1583,0,0,2
880,1,2,0,1.0,0,1,26.0,2,5,2
881,0,3,1,2.0,0,0,7.8958,2,0,1
882,0,3,0,1.0,0,0,10.5167,2,5,1
883,0,2,1,1.0,0,0,10.5,2,5,1
884,0,3,1,1.0,0,0,7.05,2,5,1
885,0,3,0,2.0,0,5,29.125,1,0,6
886,0,2,1,1.0,0,0,13.0,2,5,1
887,1,1,0,1.0,0,0,30.0,2,5,1
888,0,3,0,1.0,1,2,23.45,2,5,4
889,1,1,1,1.0,0,0,30.0,0,5,1
890,0,3,1,1.0,0,0,7.75,1,0,1
891,0,3,1,1.0,1,0,7.25,2,5,2
892,1,1,0,2.0,1,0,71.2833,0,0,2
893,1,3,0,1.0,0,0,7.925,2,5,1
894,1,1,0,2.0,1,0,53.1,2,0,2
895,0,3,1,2.0,0,0,8.05,2,0,1
896,0,3,1,1.0,0,0,8.4583,1,5,1
897,0,1,1,3.0,0,0,51.8625,2,0,1
898,0,3,1,0.0,3,1,21.075,2,1,5
899,1,3,0,1.0,0,2,11.1333,2,5,3
900,1,2,0,0.0,1,0,30.0708,0,4,2
901,1,3,0,0.0,1,1,16.7,2,2,3
902,1,1,0,3.0,0,0,26.55,2,0,1
903,0,3,1,1.0,0,0,8.05,2,5,1
904,0,3,1,2.0,1,5,31.275,2,0,7
905,0,3,0,0.0,0,0,7.8542,2,4,1
906,1,2,0,3.0,0,0,16.0,2,0,1
907,0,3,1,0.0,4,1,29.125,1,1,6
908,1,2,1,1.0,0,0,13.0,2,5,1
909,0,3,0,1.0,1,0,18.0,2,0,2
910,1,3,0,1.0,0,0,7.225,0,5,1
911,0,2,1,2.0,0,0,26.0,2,0,1
912,1,2,1,2.0,0,0,13.0,2,0,1
913,1,3,0,0.0,0,0,8.0292,1,4,1
914,1,1,1,1.0,0,0,35.5,2,5,1
915,0,3,0,0.0,3,1,21.075,2,4,5
916,1,3,0,2.0,1,5,31.3875,2,0,7
917,0,3,1,1.0,0,0,7.225,0,5,1
918,0,1,1,1.0,3,2,263.0,2,5,6
919,1,3,0,1.0,0,0,7.8792,1,5,1
920,0,3,1,1.0,0,0,7.8958,2,5,1
921,0,1,1,2.0,0,0,27.7208,0,0,1
922,1,1,0,1.0,1,0,146.5208,0,5,2
923,1,3,0,1.0,0,0,7.75,1,5,1
924,0,2,1,4.0,0,0,10.5,2,3,1
925,0,1,1,1.0,1,0,82.1708,0,5,2
926,0,1,1,2.0,1,0,52.0,2,0,2
927,1,3,1,1.0,0,0,7.2292,0,5,1
928,0,3,1,1.0,0,0,8.05,2,5,1
929,0,3,0,1.0,2,0,18.0,2,5,3
930,1,3,0,0.0,1,0,11.2417,0,4,2
931,0,3,0,2.0,1,0,9.475,2,0,2
932,0,2,0,1.0,1,0,21.0,2,5,2
933,0,3,1,1.0,0,0,7.8958,0,5,1
934,1,2,0,0.0,1,2,41.5792,0,1,4
935,1,3,0,1.0,0,0,7.8792,1,5,1
936,0,3,1,1.0,0,0,8.05,2,5,1
937,0,3,1,1.0,1,0,15.5,1,5,2
938,1,3,0,1.0,0,0,7.75,1,5,1
939,0,3,1,1.0,2,0,21.6792,0,5,3
940,0,3,0,1.0,1,0,17.8,2,5,2
941,0,3,1,0.0,4,1,39.6875,2,2,6
942,0,3,1,1.0,0,0,7.8,2,5,1
943,1,1,0,3.0,1,0,76.7292,0,0,2
944,1,2,0,1.0,1,0,26.0,2,5,2
945,0,1,1,4.0,0,1,61.9792,0,3,2
946,1,1,1,1.0,0,0,35.5,2,5,1
947,1,2,0,1.0,0,0,10.5,2,5,1
948,0,3,1,1.0,0,0,7.2292,0,5,1
949,1,2,0,0.0,1,2,27.75,2,2,4
950,0,3,1,0.0,5,2,46.9,2,4,8
951,0,3,1,1.0,0,0,7.2292,0,5,1
952,1,1,0,2.0,0,0,80.0,2,0,1
953,0,1,1,2.0,1,0,83.475,2,0,2
954,0,3,1,0.0,3,2,27.9,2,2,6
955,0,1,1,1.0,0,0,27.7208,0,5,1
956,1,3,1,1.0,1,1,15.2458,0,5,3
957,1,2,0,1.0,0,0,10.5,2,5,1
958,0,3,1,1.0,0,0,8.1583,2,5,1
959,1,3,0,1.0,4,2,7.925,2,5,7
960,0,3,1,1.0,2,0,8.6625,2,5,3
961,0,2,1,1.0,0,0,10.5,2,0,1
962,0,3,0,0.0,5,2,46.9,2,5,8
963,0,2,1,1.0,0,0,73.5,2,5,1
964,0,3,1,1.0,1,0,14.4542,0,5,2
965,1,3,1,1.0,0,0,56.4958,2,0,1
966,0,3,1,1.0,0,0,7.65,2,5,1
967,0,3,1,1.0,0,0,7.8958,2,5,1
968,0,3,1,1.0,0,0,8.05,2,5,1
969,1,2,1,0.0,0,2,29.0,2,1,3
970,1,3,0,1.0,0,0,12.475,2,5,1
971,0,3,1,1.0,0,0,9.0,2,5,1
972,1,3,1,1.0,0,0,9.5,2,5,1
973,1,3,0,1.0,0,0,7.7875,1,5,1
974,0,1,1,1.0,0,0,47.1,2,5,1
975,1,2,0,1.0,0,0,10.5,2,5,1
976,1,3,0,2.0,3,0,15.85,2,0,4
977,0,3,1,0.0,1,3,34.375,2,5,5
978,0,3,1,1.0,0,0,8.05,2,5,1
979,1,1,0,1.0,3,2,263.0,2,5,6
980,0,3,1,1.0,0,0,8.05,2,5,1
981,0,3,1,1.0,0,0,8.05,2,5,1
982,0,3,1,1.0,0,0,7.8542,2,5,1
983,0,1,1,2.0,1,0,61.175,2,0,2
984,0,3,1,1.0,1,2,20.575,2,5,4
985,0,3,1,3.0,0,0,7.25,2,0,1
986,0,3,1,1.0,0,0,8.05,2,5,1
987,0,1,1,4.0,0,0,34.6542,0,3,1
988,1,1,1,1.0,0,1,63.3583,0,5,2
989,1,2,0,2.0,0,1,23.0,2,0,2
990,0,2,1,2.0,1,0,26.0,2,0,2
991,0,3,0,1.0,0,0,7.8958,2,5,1
992,0,3,1,1.0,0,0,7.8958,2,5,1
993,0,1,1,1.0,0,1,77.2875,2,5,2
994,0,3,1,2.0,0,0,8.6542,2,0,1
995,0,3,1,2.0,2,0,7.925,2,0,3
996,0,3,1,1.0,0,0,7.8958,2,5,1
997,1,3,0,1.0,0,0,7.65,2,5,1
998,1,3,1,1.0,0,0,7.775,2,5,1
999,0,3,1,2.0,0,0,7.8958,2,0,1
1000,1,3,0,1.0,1,0,24.15,1,5,2
1001,0,1,1,2.0,0,0,52.0,2,0,1
1002,0,3,0,0.0,1,0,14.4542,0,4,2
1003,0,3,1,1.0,0,0,8.05,2,5,1
1004,0,3,0,1.0,1,0,9.825,2,5,2
1005,0,3,0,1.0,0,0,14.4583,0,5,1
1006,0,3,1,1.0,0,0,7.925,2,5,1
1007,0,3,1,4.0,0,0,7.75,1,3,1
1008,0,2,1,1.0,1,0,21.0,2,5,2
1009,0,1,1,1.0,0,1,247.5208,0,5,2
1010,0,3,0,0.0,4,2,31.275,2,1,7
1011,0,2,1,1.0,2,0,73.5,2,5,3
1012,0,3,1,1.0,0,0,8.05,2,5,1
1013,0,2,1,2.0,1,0,30.0708,0,0,2
1014,1,2,0,2.0,0,0,13.0,2,0,1
1015,0,1,1,3.0,0,1,77.2875,2,0,2
1016,1,3,1,0.0,1,0,11.2417,0,4,2
1017,0,3,1,1.0,0,0,7.75,1,5,1
1018,1,3,1,1.0,0,0,7.1417,2,5,1
1019,1,3,0,1.0,1,1,22.3583,0,5,3
1020,0,3,1,2.0,0,0,6.975,2,0,1
1021,0,3,1,2.0,0,0,7.8958,0,0,1
1022,0,3,1,1.0,0,0,7.05,2,5,1
1023,0,3,0,2.0,1,0,14.5,2,0,2
1024,1,2,0,1.0,1,0,26.0,2,5,2
1025,0,2,1,1.0,0,0,13.0,2,5,1
1026,0,2,1,1.0,0,0,15.0458,0,5,1
1027,1,1,0,1.0,0,2,26.2833,2,5,3
1028,0,1,1,2.0,1,0,53.1,2,0,2
1029,0,3,1,0.0,0,0,9.2167,2,5,1
1030,0,1,1,1.0,0,0,79.2,0,5,1
1031,0,3,0,1.0,0,2,15.2458,0,5,3
1032,1,3,0,1.0,0,0,7.75,2,5,1
1033,1,3,0,1.0,1,0,15.85,2,5,2
1034,0,3,1,1.0,0,0,6.75,1,5,1
1035,0,2,1,1.0,0,0,11.5,2,5,1
1036,0,2,1,1.0,1,1,36.75,2,5,3
1037,1,3,1,1.0,0,0,7.7958,2,5,1
1038,0,3,0,0.0,2,2,34.375,2,4,5
1039,0,2,1,2.0,0,2,26.0,2,0,3
1040,0,2,1,2.0,0,0,13.0,2,0,1
1041,0,2,1,3.0,0,0,12.525,2,0,1
1042,1,1,0,1.0,1,0,66.6,2,5,2
1043,0,3,1,3.0,0,0,8.05,2,0,1
1044,0,3,1,2.0,0,2,14.5,2,0,3
1045,0,3,1,1.0,0,0,7.3125,2,5,1
1046,0,1,1,3.0,0,1,61.3792,0,0,2
1047,1,3,0,0.0,0,0,7.7333,1,5,1
1048,0,3,1,1.0,0,0,8.05,2,5,1
1049,0,3,1,1.0,0,0,8.6625,2,5,1
1050,0,3,1,1.0,8,2,69.55,2,5,11
1051,0,3,1,2.0,0,1,16.1,2,0,2
1052,1,2,0,2.0,0,0,15.75,2,0,1
1053,0,3,1,1.0,0,0,7.775,2,5,1
1054,0,3,1,1.0,0,0,8.6625,2,5,1
1055,0,3,1,0.0,4,1,39.6875,2,1,6
1056,1,3,1,0.0,0,2,20.525,2,4,3
1057,1,1,0,1.0,0,1,55.0,2,5,2
1058,0,3,0,2.0,1,4,27.9,2,0,6
1059,0,1,1,1.0,0,0,25.925,2,5,1
1060,0,3,1,1.0,0,0,56.4958,2,5,1
1061,0,1,1,3.0,0,0,33.5,2,3,1
1062,0,3,1,0.0,4,1,29.125,1,2,6
1063,1,3,0,0.0,1,1,11.1333,2,1,3
1064,0,3,1,1.0,0,0,7.925,2,5,1
1065,0,1,1,3.0,0,0,30.6958,0,0,1
1066,0,3,1,1.0,1,1,7.8542,2,5,3
1067,0,3,1,1.0,3,1,25.4667,2,5,5
1068,0,1,0,3.0,0,0,28.7125,0,0,1
1069,0,2,1,1.0,0,0,13.0,2,5,1
1070,0,3,1,2.0,0,0,0.0,2,0,1
1071,0,3,0,1.0,8,2,69.55,2,5,11
1072,0,2,1,1.0,0,0,15.05,0,5,1
1073,0,3,1,0.0,4,2,31.3875,2,4,7
1074,1,2,1,0.0,2,1,39.0,2,1,4
1075,1,3,0,0.0,0,2,22.025,2,2,3
1076,0,1,1,1.0,0,0,50.0,2,5,1
1077,1,3,0,1.0,1,0,15.5,1,5,2
1078,1,1,1,2.0,0,0,26.55,2,0,1
1079,0,3,1,2.0,1,1,15.5,1,0,3
1080,0,3,1,2.0,0,0,7.8958,2,0,1
1081,1,2,0,1.0,0,0,13.0,2,0,1
1082,0,2,1,1.0,0,0,13.0,2,5,1
1083,1,3,0,1.0,1,0,7.8542,2,5,2
1084,1,2,1,0.0,1,1,26.0,2,1,3
1085,1,1,0,2.0,0,0,27.7208,0,0,1
1086,1,1,0,3.0,0,0,146.5208,0,0,1
1087,0,3,1,1.0,0,0,7.75,1,5,1
1088,0,3,1,2.0,0,1,8.4042,2,0,2
1089,1,3,0,1.0,0,0,7.75,1,5,1
1090,0,2,0,1.0,0,0,13.0,2,5,1
1091,0,3,1,1.0,0,0,9.5,2,5,1
1092,0,3,1,1.0,8,2,69.55,2,5,11
1093,0,3,1,2.0,0,0,6.4958,2,0,1
1094,0,3,1,2.0,0,0,7.225,0,0,1
1095,1,3,1,1.0,0,0,8.05,2,5,1
1096,0,3,0,0.0,0,1,10.4625,2,1,2
1097,0,3,1,1.0,1,0,15.85,2,0,2
1098,1,3,1,1.0,0,0,18.7875,0,5,1
1099,1,3,0,0.0,0,0,7.75,1,5,1
1100,1,1,1,2.0,0,0,31.0,0,0,1
1101,0,3,1,1.0,0,0,7.05,2,5,1
1102,1,2,0,2.0,0,0,21.0,2,0,1
1103,0,3,1,1.0,0,0,7.25,2,5,1
1104,0,2,1,1.0,0,0,13.0,2,5,1
1105,0,3,1,1.0,1,0,7.75,1,5,2
1106,1,1,0,1.0,1,0,113.275,0,0,2
1107,1,3,0,1.0,0,0,7.925,2,5,1
1108,0,2,1,2.0,1,0,27.0,2,0,2
1109,1,1,0,1.0,0,0,76.2917,0,0,1
1110,0,2,1,1.0,0,0,10.5,2,5,1
1111,1,3,1,0.0,0,0,8.05,2,5,1
1112,0,2,1,1.0,0,0,13.0,2,5,1
1113,0,3,1,3.0,0,0,8.05,2,0,1
1114,0,3,1,1.0,0,0,7.8958,2,5,1
1115,1,1,1,2.0,1,0,90.0,2,0,2
1116,0,3,1,1.0,0,0,9.35,2,5,1
1117,1,2,1,1.0,0,0,10.5,2,5,1
1118,0,3,1,1.0,0,0,7.25,2,5,1
1119,0,2,1,1.0,0,0,13.0,2,5,1
1120,0,3,0,1.0,3,1,25.4667,2,5,5
1121,1,1,0,2.0,1,0,83.475,2,0,2
1122,0,3,1,1.0,0,0,7.775,2,5,1
1123,0,2,1,3.0,0,0,13.5,2,0,1
1124,1,3,0,0.0,4,2,31.3875,2,2,7
1125,0,2,1,1.0,0,0,10.5,2,5,1
1126,0,3,0,1.0,0,0,7.55,2,5,1
1127,0,2,1,2.0,1,0,26.0,2,0,2
1128,1,2,0,0.0,0,2,26.25,2,4,3
1129,0,2,1,1.0,0,0,10.5,2,5,1
1130,0,2,1,2.0,0,0,12.275,2,0,1
1131,0,3,0,1.0,1,0,14.4542,0,5,2
1132,1,3,0,1.0,1,0,15.5,1,5,2
1133,0,2,1,1.0,0,0,10.5,2,5,1
1134,0,3,1,1.0,0,0,7.125,2,5,1
1135,0,3,1,1.0,0,0,7.225,0,5,1
1136,0,1,1,2.0,2,0,90.0,1,0,3
1137,0,3,0,1.0,0,0,7.775,2,5,1
1138,1,2,0,1.0,0,2,14.5,2,5,3
1139,1,1,1,2.0,1,1,52.5542,2,0,3
1140,0,2,1,3.0,1,0,26.0,2,0,2
1141,0,3,1,1.0,0,0,7.25,2,5,1
1142,0,3,0,1.0,1,1,10.4625,2,5,3
1143,0,1,1,3.0,0,0,26.55,2,3,1
1144,0,3,1,1.0,1,0,16.1,2,5,2
1145,0,3,0,2.0,0,2,20.2125,2,0,3
1146,1,3,0,1.0,0,2,15.2458,0,5,3
1147,1,1,0,1.0,0,0,79.2,0,5,1
1148,1,1,0,1.0,0,0,86.5,2,5,1
1149,1,1,0,2.0,0,0,512.3292,0,0,1
1150,1,2,0,3.0,0,1,26.0,2,0,2
1151,0,3,1,1.0,0,0,7.75,1,5,1
1152,1,3,1,0.0,4,2,31.3875,2,1,7
1153,0,1,1,3.0,1,1,79.65,2,0,3
1154,0,1,1,2.0,0,0,0.0,2,0,1
1155,0,3,0,1.0,0,0,7.75,1,5,1
1156,0,2,1,2.0,0,0,10.5,2,0,1
1157,0,3,1,0.0,4,1,39.6875,2,5,6
1158,1,3,1,1.0,1,0,7.775,2,5,2
1159,1,1,0,3.0,0,1,153.4625,2,0,2
1160,1,1,0,2.0,0,0,135.6333,2,0,1
1161,0,1,1,1.0,0,0,31.0,2,5,1
1162,1,3,1,1.0,0,0,0.0,2,5,1
1163,1,2,0,2.0,0,1,19.5,2,0,2
1164,0,1,1,2.0,0,1,29.7,0,0,2
1165,1,3,0,1.0,0,0,7.75,1,5,1
1166,1,1,0,3.0,1,0,77.9583,2,3,2
1167,0,3,0,2.0,0,0,7.75,2,0,1
1168,0,2,1,1.0,0,0,0.0,2,5,1
1169,0,3,1,0.0,4,1,29.125,1,2,6
1170,1,3,0,2.0,1,1,20.25,2,0,3
1171,0,3,1,4.0,0,0,7.75,1,3,1
1172,0,3,1,1.0,0,0,7.8542,2,5,1
1173,0,3,1,0.0,0,0,9.5,2,5,1
1174,1,3,1,1.0,0,0,8.05,2,5,1
1175,0,1,1,1.0,0,0,26.0,2,5,1
1176,0,3,1,2.0,0,0,8.6625,0,0,1
1177,1,3,1,1.0,0,0,9.5,2,5,1
1178,0,3,1,1.0,0,0,7.8958,2,5,1
1179,1,2,1,2.0,0,0,13.0,2,0,1
1180,1,3,0,1.0,0,0,7.75,1,5,1
1181,1,1,0,1.0,0,0,78.85,2,5,1
1182,1,1,0,1.0,1,0,91.0792,0,5,2
1183,0,2,1,2.0,0,0,12.875,0,0,1
1184,0,3,0,1.0,0,0,8.85,2,5,1
1185,0,3,1,1.0,0,0,7.8958,2,5,1
1186,0,1,1,1.0,0,0,27.7208,0,5,1
1187,0,3,1,1.0,0,0,7.2292,0,5,1
1188,0,1,0,0.0,1,2,151.55,2,1,4
1189,1,1,1,1.0,0,0,30.5,2,5,1
1190,1,1,0,3.0,0,1,247.5208,0,0,2
1191,1,3,0,1.0,0,0,7.75,1,5,1
1192,1,3,1,1.0,2,0,23.25,1,5,3
1193,0,3,1,1.0,0,0,0.0,2,5,1
1194,1,2,0,1.0,0,0,12.35,1,5,1
1195,0,3,1,1.0,0,0,8.05,2,5,1
1196,1,1,1,0.0,1,2,151.55,2,1,4
1197,1,1,0,1.0,0,0,110.8833,0,5,1
1198,1,1,0,1.0,1,0,108.9,0,5,2
1199,0,2,1,1.0,1,0,24.0,0,5,2
1200,1,1,0,1.0,0,0,56.9292,0,5,1
1201,1,1,0,1.0,0,0,83.1583,0,5,1
1202,1,1,0,1.0,2,2,262.375,0,5,5
1203,0,2,0,1.0,1,1,26.0,2,5,3
1204,0,3,1,1.0,0,0,7.8958,2,5,1
1205,0,2,1,2.0,1,1,26.25,2,0,3
1206,1,3,0,1.0,0,0,7.8542,2,5,1
1207,1,2,0,1.0,1,0,26.0,2,5,2
1208,0,2,1,3.0,0,0,14.0,2,0,1
1209,1,1,0,1.0,0,2,164.8667,2,0,3
1210,1,1,0,2.0,1,1,134.5,0,0,3
1211,0,3,1,1.0,0,0,7.25,2,5,1
1212,0,3,1,1.0,0,0,7.8958,2,5,1
1213,1,2,0,1.0,0,0,12.35,1,5,1
1214,1,2,0,1.0,1,1,29.0,2,5,3
1215,0,3,1,1.0,8,2,69.55,2,5,11
1216,1,1,0,2.0,0,0,135.6333,0,0,1
1217,0,3,1,3.0,0,0,6.2375,2,3,1
1218,1,2,0,2.0,0,0,13.0,2,0,1
1219,1,3,0,1.0,1,1,20.525,2,0,3
1220,1,1,0,0.0,0,1,57.9792,0,5,2
1221,1,3,0,1.0,2,0,23.25,1,5,3
1222,0,1,1,2.0,0,0,28.5,2,0,1
1223,0,1,1,2.0,0,1,153.4625,2,0,2
1224,0,3,1,0.0,2,0,18.0,2,5,3
1225,1,1,0,1.0,1,0,133.65,2,5,2
1226,0,3,1,1.0,0,0,7.8958,2,5,1
1227,0,1,1,1.0,1,0,66.6,2,5,2
1228,1,1,0,2.0,0,0,134.5,0,0,1
1229,1,3,1,2.0,0,0,8.05,2,0,1
1230,0,1,1,2.0,0,0,35.5,2,0,1
1231,1,2,1,0.0,1,1,26.0,2,1,3
1232,1,1,0,1.0,3,2,263.0,2,5,6
1233,0,2,1,1.0,0,0,13.0,2,5,1
1234,0,2,1,1.0,0,0,13.0,2,5,1
1235,0,2,1,2.0,0,0,13.0,2,0,1
1236,1,2,0,1.0,0,0,13.0,2,5,1
1237,1,2,0,2.0,0,0,13.0,2,0,1
1238,1,3,0,1.0,1,0,16.1,2,5,2
1239,1,3,1,0.0,1,1,15.9,2,1,3
1240,0,3,1,2.0,0,0,8.6625,2,0,1
1241,0,3,1,1.0,0,0,9.225,2,5,1
1242,0,1,1,1.0,0,0,35.0,2,5,1
1243,0,3,1,0.0,1,1,7.2292,0,4,3
1244,0,3,1,1.0,1,0,17.8,2,5,2
1245,0,3,1,1.0,0,0,7.225,0,5,1
1246,0,3,1,1.0,0,0,9.5,2,5,1
1247,1,1,0,1.0,0,1,55.0,2,5,2
1248,0,2,0,2.0,0,0,13.0,2,0,1
1249,1,3,0,1.0,0,0,7.8792,1,5,1
1250,1,3,0,1.0,0,0,7.8792,1,5,1
1251,0,3,1,2.0,1,4,27.9,2,0,6
1252,0,2,1,1.0,1,0,27.7208,0,5,2
1253,0,3,0,2.0,0,1,14.4542,0,0,2
1254,0,3,1,2.0,0,0,7.05,2,0,1
1255,0,3,1,1.0,1,0,15.5,1,5,2
1256,0,3,1,1.0,0,0,7.25,2,5,1
1257,1,1,0,3.0,1,0,75.25,0,0,2
1258,1,3,0,1.0,0,0,7.2292,0,5,1
1259,1,3,0,1.0,0,0,7.75,1,5,1
1260,1,1,0,1.0,0,0,69.3,0,5,1
1261,1,1,1,1.0,1,0,55.4417,0,5,2
1262,0,3,1,1.0,1,0,6.4958,2,5,2
1263,0,3,1,1.0,0,0,8.05,2,5,1
1264,0,1,1,1.0,0,0,135.6333,0,5,1
1265,0,3,0,0.0,3,1,21.075,2,1,5
1266,1,1,0,1.0,1,0,82.1708,0,5,2
1267,1,3,0,1.0,0,0,7.25,2,5,1
1268,0,1,1,1.0,0,2,211.5,0,5,3
1269,0,3,1,1.0,0,0,4.0125,0,5,1
1270,0,3,1,1.0,0,0,7.775,2,5,1
1271,1,1,0,2.0,0,0,227.525,0,0,1
1272,1,3,0,0.0,0,2,15.7417,0,1,3
1273,0,3,1,1.0,0,0,7.925,2,0,1
1274,1,1,0,2.0,1,0,52.0,2,0,2
1275,0,3,1,1.0,0,0,7.8958,2,5,1
1276,0,2,1,1.0,0,0,73.5,2,5,1
1277,0,3,1,0.0,5,2,46.9,2,1,8
1278,1,2,0,2.0,0,0,13.0,2,0,1
1279,0,3,1,1.0,0,0,7.7292,1,5,1
1280,1,2,0,1.0,0,0,12.0,0,5,1
1281,1,1,1,2.0,1,2,120.0,2,0,4
1282,1,3,1,1.0,0,0,7.7958,2,5,1
1283,0,3,1,1.0,2,0,7.925,2,5,3
1284,1,1,0,1.0,1,0,113.275,0,5,2
1285,1,3,0,1.0,0,2,16.7,2,5,3
1286,0,3,1,1.0,0,0,7.7958,2,5,1
1287,0,3,0,1.0,0,0,7.8542,2,0,1
1288,0,2,1,2.0,0,0,26.0,2,0,1
1289,0,2,1,1.0,0,0,10.5,2,5,1
1290,1,2,0,1.0,0,0,12.65,2,5,1
1291,1,3,1,2.0,0,0,7.925,2,0,1
1292,0,3,1,1.0,0,0,8.05,2,5,1
1293,0,3,0,1.0,1,0,9.825,2,5,2
1294,0,3,1,1.0,1,0,15.85,2,5,2
1295,0,3,0,1.0,0,0,8.6625,2,5,1
1296,0,2,1,2.0,1,0,21.0,2,0,2
1297,0,3,1,3.0,0,0,7.75,2,0,1
1298,1,2,1,0.0,1,1,18.75,2,1,3
1299,0,3,1,1.0,0,0,7.775,2,5,1
1300,0,3,0,1.0,3,1,25.4667,2,5,5
1301,0,3,1,1.0,0,0,7.8958,2,5,1
1302,0,3,1,1.0,0,0,6.8583,1,5,1
1303,1,1,0,2.0,1,0,90.0,1,0,2
1304,0,2,1,1.0,0,0,0.0,2,5,1
1305,1,3,1,2.0,0,0,7.925,2,0,1
1306,0,3,0,1.0,0,0,8.05,2,5,1
1307,1,2,0,2.0,1,1,32.5,2,0,3
1308,1,2,0,1.0,0,2,13.0,2,5,3
1309,0,2,1,1.0,0,0,13.0,2,5,1
1310,0,3,0,0.0,0,2,24.15,2,4,3
1311,0,3,1,1.0,0,0,7.8958,0,5,1
1312,0,3,1,1.0,0,0,7.7333,1,5,1
1313,0,3,1,1.0,0,0,7.875,2,5,1
1314,0,3,0,1.0,1,1,14.4,2,5,3
1315,0,3,1,1.0,1,1,20.2125,2,5,3
1316,0,3,1,1.0,0,0,7.25,2,5,1
1317,1,2,0,1.0,1,0,26.0,2,5,2
1318,1,2,0,1.0,0,0,26.0,2,5,1
1319,0,3,1,1.0,0,0,7.75,1,5,1
1320,1,3,1,1.0,0,0,8.05,2,0,1
1321,1,1,1,1.0,0,0,26.55,2,5,1
1322,1,3,0,1.0,1,0,16.1,2,5,2
1323,1,2,0,2.0,1,0,26.0,2,0,2
1324,0,3,1,1.0,0,0,7.125,2,5,1
1325,0,1,1,3.0,1,0,55.9,2,0,2
1326,1,1,0,0.0,1,2,120.0,2,4,4
1327,0,3,0,1.0,2,2,34.375,2,5,5
1328,1,2,0,1.0,2,3,18.75,2,5,6
1329,0,1,1,3.0,1,4,263.0,2,3,6
1330,0,2,1,1.0,0,0,10.5,2,0,1
1331,1,2,0,2.0,1,1,26.25,2,0,3
1332,0,3,1,1.0,0,0,9.5,2,5,1
1333,0,3,1,1.0,1,0,7.775,2,5,2
1334,1,2,0,1.0,0,0,13.0,2,5,1
1335,1,3,1,1.0,0,0,8.1125,2,5,1
1336,1,1,1,0.0,0,2,81.8583,2,2,3
1337,1,2,0,0.0,0,1,19.5,2,4,2
1338,1,1,1,2.0,0,0,26.55,2,0,1
1339,1,3,0,0.0,2,1,19.2583,0,2,4
1340,1,1,1,3.0,0,0,30.5,2,0,1
1341,0,2,1,2.0,1,2,27.75,2,0,4
1342,0,3,1,1.0,1,0,19.9667,2,5,2
1343,0,1,1,1.0,0,0,27.75,0,5,1
1344,1,1,1,3.0,1,0,89.1042,0,0,2
1345,0,3,1,1.0,0,0,8.05,2,5,1
1346,1,3,1,1.0,0,0,7.8958,0,5,1
1347,0,1,1,4.0,0,0,26.55,2,3,1
1348,1,1,0,1.0,1,0,51.8625,2,5,2
1349,1,2,0,3.0,0,0,10.5,2,0,1
1350,0,3,1,1.0,0,0,7.75,1,5,1
1351,1,1,1,2.0,0,0,26.55,2,0,1
1352,0,3,1,2.0,0,0,8.05,2,0,1
1353,0,1,1,2.0,0,0,38.5,2,0,1
1354,0,2,1,2.0,0,0,13.0,2,0,1
1355,0,3,1,1.0,0,0,8.05,2,5,1
1356,0,3,1,2.0,0,0,7.05,2,0,1
1357,0,2,1,1.0,0,0,0.0,2,5,1
1358,0,1,1,3.0,0,0,26.55,2,0,1
1359,0,3,1,1.0,0,0,7.725,1,5,1
1360,1,3,0,0.0,2,1,19.2583,0,1,4
1361,0,3,1,1.0,0,0,7.25,2,5,1
1362,0,3,1,2.0,0,0,8.6625,2,0,1
1363,1,2,0,2.0,1,2,27.75,2,0,4
1364,1,2,0,1.0,0,0,13.7917,0,5,1
1365,0,3,0,1.0,0,0,9.8375,2,5,1
1366,0,1,1,1.0,0,0,52.0,2,5,1
1367,0,2,1,2.0,1,0,21.0,2,0,2
1368,0,3,1,1.0,1,0,7.0458,2,5,2
1369,0,3,1,1.0,0,0,7.5208,2,5,1
1370,1,3,0,0.0,0,1,12.2875,2,1,2
1371,0,3,1,0.0,5,2,46.9,2,4,8
1372,0,2,1,1.0,0,0,0.0,2,5,1
1373,0,3,1,3.0,0,0,8.05,2,0,1
1374,1,3,0,3.0,0,0,9.5875,2,3,1
1375,1,1,1,1.0,1,0,91.0792,0,5,2
1376,0,3,0,1.0,3,1,25.4667,2,5,5
1377,1,1,0,2.0,1,0,90.0,2,0,2
1378,0,1,1,3.0,0,0,29.7,0,0,1
1379,0,3,1,1.0,0,0,8.05,2,5,1
1380,1,3,1,0.0,1,1,15.9,2,4,3
1381,0,3,1,1.0,1,0,19.9667,2,5,2
1382,0,3,1,1.0,0,0,7.25,2,5,1
1383,0,1,1,3.0,0,0,30.5,2,0,1
1384,0,1,1,4.0,0,0,49.5042,0,3,1
1385,0,3,1,1.0,0,0,8.05,2,5,1
1386,0,3,1,1.0,0,0,14.4583,0,5,1
1387,1,1,0,3.0,1,0,78.2667,0,0,2
1388,0,3,1,1.0,0,0,15.1,2,5,1
1389,0,1,0,1.0,1,2,151.55,2,5,4
1390,0,3,1,1.0,0,0,7.7958,2,5,1
1391,0,3,1,1.0,0,0,8.6625,2,5,1
1392,0,3,0,1.0,0,0,7.75,1,5,1
1393,0,3,0,1.0,0,0,7.6292,1,5,1
1394,0,3,0,2.0,0,0,9.5875,2,0,1
1395,1,1,0,0.0,0,0,86.5,2,5,1
1396,0,1,1,1.0,1,0,108.9,0,5,2
1397,1,2,0,2.0,0,2,26.0,2,0,3
1398,1,1,1,1.0,0,0,26.55,2,5,1
1399,0,3,1,1.0,0,0,22.525,2,5,1
1400,1,3,1,1.0,0,0,56.4958,2,5,1
1401,1,3,1,1.0,0,0,7.75,1,5,1
1402,0,3,1,1.0,0,0,8.05,2,5,1
1403,1,1,1,2.0,0,0,26.2875,2,0,1
1404,1,1,0,3.0,1,0,59.4,0,0,2
1405,0,3,1,1.0,0,0,7.4958,2,5,1
1406,0,1,1,2.0,0,0,34.0208,2,0,1
1407,1,2,0,2.0,0,0,10.5,2,0,1
1408,0,3,1,1.0,0,0,24.15,1,5,1
1409,1,2,0,2.0,1,0,26.0,2,0,2
1410,0,3,1,1.0,0,0,7.8958,2,0,1
1411,1,1,0,1.0,0,0,93.5,2,5,1
1412,0,3,1,1.0,0,0,7.8958,2,5,1
1413,0,3,1,1.0,0,0,7.225,0,5,1
1414,1,1,0,2.0,0,1,57.9792,0,0,2
1415,0,3,1,1.0,0,0,7.2292,0,5,1
1416,0,3,1,2.0,0,0,7.75,1,0,1
1417,1,2,0,3.0,0,0,10.5,2,0,1
1418,0,1,1,1.0,0,0,221.7792,2,5,1
1419,0,3,1,2.0,0,0,7.925,2,0,1
1420,0,2,1,1.0,2,1,11.5,2,5,4
1421,1,2,0,0.0,1,1,26.0,2,1,3
1422,0,3,1,1.0,0,0,7.2292,0,5,1
1423,0,3,1,1.0,1,1,7.2292,0,5,3
1424,1,3,0,1.0,0,2,22.3583,0,5,3
1425,0,3,0,1.0,0,0,8.6625,2,5,1
1426,1,2,0,0.0,0,2,26.25,2,2,3
1427,0,1,1,2.0,0,0,26.55,2,0,1
1428,1,1,0,1.0,0,0,106.425,0,5,1
1429,0,3,1,1.0,0,0,14.5,2,5,1
1430,1,1,0,1.0,0,2,49.5,0,5,3
1431,1,1,0,2.0,0,2,71.0,2,0,3
1432,0,3,0,0.0,4,2,31.275,2,4,7
1433,0,3,0,0.0,4,2,31.275,2,4,7
1434,1,2,1,1.0,1,0,26.0,2,0,2
1435,0,1,1,3.0,1,0,106.425,0,0,2
1436,0,1,1,3.0,0,0,26.0,2,3,1
1437,1,2,0,1.0,1,0,26.0,2,5,2
1438,1,2,1,1.0,0,0,13.8625,0,5,1
1439,0,3,1,2.0,1,1,20.525,2,0,3
1440,1,2,1,0.0,1,1,36.75,2,4,3
1441,1,1,1,1.0,0,2,110.8833,0,5,3
1442,0,2,1,1.0,0,0,26.0,2,5,1
1443,0,3,1,1.0,0,0,7.8292,1,5,1
1444,1,3,1,1.0,0,0,7.225,0,5,1
1445,1,3,0,1.0,0,0,7.775,2,5,1
1446,0,1,1,3.0,0,0,26.55,2,3,1
1447,1,1,0,2.0,1,0,39.6,0,0,2
1448,0,1,1,1.0,0,0,227.525,0,5,1
1449,1,1,0,2.0,1,1,79.65,2,0,3
1450,1,3,0,2.0,1,0,17.4,2,0,2
1451,0,3,1,1.0,0,0,7.75,1,5,1
1452,0,3,1,2.0,0,0,7.8958,2,0,1
1453,0,2,1,1.0,0,0,13.5,2,5,1
1454,0,3,1,1.0,0,0,8.05,2,5,1
1455,0,3,0,1.0,0,0,8.05,2,5,1
1456,0,3,1,1.0,2,0,24.15,2,5,3
1457,0,3,1,1.0,0,0,7.8958,2,5,1
1458,0,3,0,1.0,0,4,21.075,2,5,5
1459,0,3,1,1.0,0,0,7.2292,0,5,1
1460,1,3,1,1.0,0,0,7.8542,2,0,1
1461,1,2,1,3.0,0,0,10.5,2,3,1
1462,1,1,0,3.0,2,0,51.4792,2,0,3
1463,1,1,1,2.0,0,0,26.3875,2,0,1
1464,1,3,0,1.0,0,0,7.75,1,5,1
1465,0,3,1,0.0,0,0,8.05,2,5,1
1466,0,3,1,1.0,0,0,14.5,2,5,1
1467,1,2,0,2.0,0,0,13.0,2,0,1
1468,1,1,0,2.0,1,0,55.9,2,0,2
1469,0,3,0,1.0,1,0,14.4583,0,5,2
1470,1,3,1,1.0,0,0,7.925,2,0,1
1471,1,2,0,1.0,1,1,30.0,2,5,3
1472,1,1,0,2.0,1,1,110.8833,0,0,3
1473,0,2,1,3.0,0,0,26.0,2,0,1
1474,0,1,1,2.0,0,0,40.125,0,0,1
1475,0,3,1,1.0,0,0,8.7125,0,5,1
1476,1,1,0,1.0,0,2,79.65,2,5,3
1477,0,2,1,2.0,0,0,15.0,2,0,1
1478,1,1,1,3.0,1,1,79.2,0,0,3
1479,0,3,1,1.0,0,0,8.05,2,5,1
1480,0,3,1,1.0,0,0,8.05,2,5,1
1481,0,3,1,2.0,0,0,7.125,2,0,1
1482,1,1,0,3.0,1,0,78.2667,0,0,2
1483,0,3,1,2.0,0,0,7.25,2,0,1
1484,0,3,0,1.0,0,2,7.75,1,5,3
1485,0,2,1,2.0,1,0,26.0,2,0,2
1486,0,3,1,2.0,1,1,24.15,2,0,3
1487,1,2,0,1.0,0,0,33.0,2,5,1
1488,0,3,1,3.0,0,0,0.0,2,0,1
1489,0,3,1,1.0,0,0,7.225,0,5,1
1490,1,1,1,3.0,1,0,56.9292,0,0,2
1491,1,2,0,1.0,2,1,27.0,2,5,4
1492,0,3,1,1.0,0,0,7.8958,2,5,1
1493,0,1,1,1.0,0,0,42.4,2,5,1
1494,0,3,1,2.0,0,0,8.05,2,0,1
1495,1,1,1,2.0,0,0,26.55,0,0,1
1496,0,3,1,2.0,1,0,15.55,2,0,2
1497,0,3,1,1.0,0,0,7.8958,2,5,1
1498,1,1,1,1.0,0,0,30.5,2,5,1
1499,1,2,0,1.0,1,2,41.5792,0,5,4
1500,1,1,0,2.0,0,0,153.4625,2,0,1
1501,0,3,0,2.0,1,5,31.275,2,0,7
1502,0,3,1,1.0,0,0,7.05,2,5,1
1503,1,3,0,1.0,1,0,15.5,1,5,2
1504,0,3,1,1.0,0,0,7.75,1,5,1
1505,0,3,1,2.0,0,0,8.05,2,0,1
1506,1,2,0,1.0,1,2,65.0,2,5,4
1507,0,3,1,2.0,1,1,14.4,2,0,3
1508,0,3,0,1.0,1,0,16.1,2,5,2
1509,1,2,0,0.0,2,1,39.0,2,2,4
1510,0,2,1,1.0,0,0,10.5,2,5,1
1511,0,3,1,1.0,1,0,14.4542,0,5,2
1512,1,1,1,2.0,1,0,52.5542,2,0,2
1513,1,3,1,1.0,1,1,15.7417,0,5,3
1514,0,3,1,1.0,0,0,7.8542,2,5,1
1515,0,3,1,1.0,0,0,16.1,2,5,1
1516,0,1,1,3.0,0,0,32.3208,2,3,1
1517,0,2,1,3.0,0,0,12.35,1,0,1
1518,1,1,0,1.0,0,0,77.9583,2,5,1
1519,0,3,1,1.0,0,0,7.8958,2,5,1
1520,0,3,1,1.0,0,0,7.7333,1,5,1
1521,1,1,1,4.0,0,0,30.0,2,3,1
1522,0,3,1,3.0,0,0,7.0542,2,0,1
1523,1,1,1,1.0,0,0,30.5,0,0,1
1524,0,1,1,1.0,0,0,0.0,2,5,1
1525,0,3,0,0.0,3,2,27.9,2,4,6
1526,1,2,0,1.0,0,0,13.0,2,5,1
1527,0,3,1,1.0,0,0,7.925,2,0,1
1528,0,2,1,1.0,1,1,26.25,2,0,3
1529,0,3,0,2.0,0,5,39.6875,2,0,6
1530,0,3,1,1.0,1,0,16.1,2,5,2
1531,0,3,1,1.0,0,0,7.8542,2,5,1
1532,1,1,0,1.0,0,0,69.3,0,5,1
1533,0,3,0,0.0,3,2,27.9,2,1,6
1534,1,3,1,1.0,0,0,56.4958,2,5,1
1535,1,3,0,0.0,2,1,19.2583,0,1,4
1536,1,1,1,2.0,1,0,76.7292,0,0,2
1537,0,3,1,1.0,0,0,7.8958,2,5,1
1538,1,1,1,3.0,0,0,35.5,0,0,1
1539,0,3,1,1.0,0,0,7.55,2,5,1
1540,1,3,0,1.0,0,0,7.55,2,5,1
1541,0,3,1,1.0,0,0,7.8958,2,5,1
1542,1,2,0,1.0,0,1,23.0,2,5,2
1543,0,3,1,1.0,0,0,8.4333,2,5,1
1544,1,3,0,1.0,0,0,7.8292,1,5,1
1545,0,3,0,1.0,0,0,6.75,1,5,1
1546,0,2,1,1.0,2,0,73.5,2,5,3
1547,0,3,1,1.0,0,0,7.8958,2,5,1
1548,0,3,0,1.0,1,1,15.5,1,0,3
1549,0,2,1,1.0,0,0,13.0,2,5,1
1550,0,1,1,3.0,0,2,113.275,0,0,3
1551,1,1,1,3.0,2,0,133.65,2,0,3
1552,0,3,1,2.0,0,0,7.225,0,0,1
1553,0,1,1,2.0,0,0,25.5875,2,0,1
1554,0,3,1,2.0,0,0,7.4958,2,0,1
1555,1,3,1,1.0,1,0,7.925,2,5,2
1556,0,2,1,1.0,2,0,73.5,2,0,3
1557,0,2,1,1.0,0,0,13.0,2,5,1
1558,0,3,1,1.0,0,0,7.775,2,5,1
1559,0,3,1,2.0,0,0,8.05,2,0,1
1560,1,1,0,1.0,1,0,52.0,2,5,2
1561,1,2,0,2.0,1,1,39.0,2,0,3
1562,0,1,1,1.0,1,0,52.0,2,0,2
1563,0,2,1,4.0,0,0,10.5,2,3,1
1564,1,2,1,1.0,0,0,13.0,2,0,1
1565,0,2,1,1.0,0,0,0.0,2,5,1
1566,0,3,1,1.0,0,0,7.775,2,5,1
1567,0,3,1,1.0,0,0,8.05,2,5,1
1568,1,3,0,1.0,0,0,9.8417,2,5,1
1569,0,3,0,2.0,1,6,46.9,2,0,8
1570,1,1,1,2.0,0,1,512.3292,0,0,2
1571,0,3,0,1.0,0,0,8.1375,1,5,1
1572,1,1,1,1.0,0,0,76.7292,0,5,1
1573,0,3,1,1.0,0,0,9.225,2,5,1
1574,0,3,1,0.0,5,2,46.9,2,4,8
1575,0,2,1,3.0,1,1,39.0,2,0,3
1576,0,2,1,1.0,1,2,41.5792,0,5,4
1577,0,3,1,0.0,4,1,39.6875,2,4,6
1578,0,3,1,1.0,0,0,10.1708,2,5,1
1579,0,3,1,1.0,0,0,7.7958,2,5,1
1580,1,1,0,0.0,0,1,211.3375,2,4,2
1581,1,1,1,1.0,1,0,57.0,2,0,2
1582,1,3,0,0.0,0,1,13.4167,0,2,2
1583,1,3,1,1.0,0,0,56.4958,2,5,1
1584,0,3,1,1.0,0,0,7.225,0,5,1
1585,0,1,1,3.0,0,0,26.55,2,0,1
1586,0,2,1,3.0,0,0,13.5,2,0,1
1587,0,3,1,2.0,0,0,8.05,2,0,1
1588,1,3,0,1.0,0,0,7.7333,1,5,1
1589,0,1,1,3.0,1,1,110.8833,0,0,3
1590,0,3,1,2.0,0,0,7.65,2,0,1
1591,1,1,0,1.0,1,0,227.525,0,5,2
1592,1,1,1,2.0,0,0,26.2875,2,0,1
1593,0,3,0,1.0,0,1,14.4542,0,5,2
1594,0,3,1,1.0,0,0,7.7417,1,5,1
1595,0,3,1,1.0,1,0,7.8542,2,5,2
1596,0,2,1,2.0,0,0,26.0,2,0,1
1597,1,2,0,2.0,0,0,13.5,2,0,1
1598,1,1,1,2.0,0,0,26.2875,2,0,1
1599,1,1,0,1.0,0,0,151.55,2,5,1
1600,1,3,1,1.0,1,1,15.2458,0,5,3
1601,1,1,0,1.0,0,0,49.5042,0,5,1
1602,0,1,1,1.0,0,0,26.55,2,5,1
1603,1,1,1,2.0,1,0,52.0,2,0,2
1604,0,3,1,1.0,0,0,9.4833,2,5,1
1605,0,2,1,3.0,0,0,13.0,2,0,1
1606,0,3,1,1.0,0,0,7.65,2,5,1
1607,1,1,0,2.0,0,0,227.525,0,0,1
1608,1,2,0,1.0,0,0,10.5,2,5,1
1609,0,3,1,1.0,0,0,15.5,1,5,1
1610,0,3,1,2.0,0,0,7.775,2,0,1
1611,1,2,0,0.0,0,1,33.0,2,2,2
1612,0,3,1,1.0,1,0,7.0542,2,5,2
1613,0,2,1,2.0,0,0,13.0,2,0,1
1614,0,2,1,3.0,0,0,13.0,2,0,1
1615,1,1,1,1.0,1,0,53.1,2,5,2
1616,0,3,1,1.0,0,0,8.6625,2,5,1
1617,1,2,0,1.0,3,0,21.0,2,5,4
1618,1,3,0,1.0,0,0,7.7375,1,5,1
1619,0,2,1,1.0,1,0,26.0,2,5,2
1620,0,3,0,1.0,1,0,7.925,2,5,2
1621,1,1,0,1.0,0,0,211.3375,2,5,1
1622,0,3,1,0.0,0,0,18.7875,0,4,1
1623,0,2,1,1.0,0,0,0.0,2,5,1
1624,0,2,1,1.0,0,0,13.0,2,5,1
1625,0,2,1,1.0,0,0,13.0,2,5,1
1626,0,3,1,1.0,0,0,16.1,2,5,1
1627,0,3,0,2.0,1,3,34.375,2,0,5
1628,1,1,1,2.0,0,0,512.3292,0,0,1
1629,0,3,1,1.0,0,0,7.8958,2,5,1
1630,0,3,1,1.0,0,0,7.8958,2,5,1
1631,1,1,1,1.0,0,0,30.0,2,5,1
1632,0,1,1,2.0,1,0,78.85,2,0,2
1633,1,1,0,1.0,2,2,262.375,0,5,5
1634,0,3,1,1.0,1,0,16.1,2,5,2
1635,1,3,1,1.0,0,0,7.925,2,0,1
1636,0,1,1,4.0,1,1,71.0,2,3,3
1637,0,3,1,0.0,1,1,20.25,2,5,3
1638,1,2,0,1.0,0,0,13.0,2,5,1
1639,0,1,1,1.0,1,0,53.1,2,5,2
1640,0,3,1,1.0,0,0,7.75,1,0,1
1641,1,2,0,0.0,1,1,23.0,2,2,3
1642,1,3,1,0.0,0,1,12.475,2,2,2
1643,0,3,1,2.0,0,0,9.5,2,0,1
1644,0,3,1,1.0,0,0,7.8958,2,5,1
1645,1,2,0,2.0,1,2,65.0,2,0,4
1646,1,2,1,0.0,1,1,14.5,2,1,3
1647,0,3,1,1.0,0,0,7.7958,2,5,1
1648,0,2,1,1.0,0,0,11.5,2,5,1
1649,0,3,1,2.0,0,0,8.05,2,0,1
1650,1,1,0,2.0,0,0,86.5,2,0,1
1651,0,3,1,1.0,0,0,14.5,2,5,1
1652,0,3,1,2.0,0,0,7.125,2,0,1
1653,1,3,1,1.0,0,0,7.2292,0,5,1
1654,1,1,0,2.0,1,2,120.0,2,0,4
1655,0,3,1,0.0,0,0,7.775,2,5,1
1656,1,1,0,3.0,1,0,77.9583,2,0,2
1657,0,1,1,1.0,0,0,39.6,0,5,1
1658,0,3,0,1.0,0,0,7.75,1,0,1
1659,0,3,1,1.0,1,0,24.15,1,5,2
1660,0,3,1,1.0,0,0,8.3625,2,0,1
1661,0,3,1,1.0,0,0,9.5,2,5,1
1662,0,3,1,2.0,0,0,7.8542,2,0,1
1663,0,2,0,3.0,0,0,10.5,2,0,1
1664,0,3,1,1.0,0,0,7.225,0,5,1
1665,1,2,0,3.0,1,3,23.0,2,0,5
1666,0,3,1,1.0,0,0,7.75,2,5,1
1667,0,3,1,1.0,0,0,7.75,1,5,1
1668,1,3,0,0.0,0,0,12.475,2,2,1
1669,0,3,1,1.0,0,0,7.7375,1,5,1
1670,1,1,0,2.0,0,1,211.3375,2,0,2
1671,1,3,0,0.0,0,0,7.2292,0,4,1
1672,1,1,0,1.0,1,0,57.0,2,5,2
1673,0,1,1,1.0,0,0,30.0,2,5,1
1674,0,3,1,1.0,1,2,23.45,2,5,4
1675,0,3,1,1.0,0,0,7.05,2,5,1
1676,0,3,1,1.0,0,0,7.25,2,5,1
1677,1,3,0,1.0,0,0,7.4958,2,5,1
1678,0,3,1,0.0,4,1,29.125,1,4,6
1679,1,3,1,0.0,1,2,20.575,2,1,4
1680,0,1,1,2.0,0,0,79.2,0,0,1
1681,0,3,1,1.0,0,0,7.75,1,5,1
1682,0,2,1,0.0,0,0,26.0,2,5,1
1683,0,3,0,1.0,8,2,69.55,2,5,11
1684,0,1,1,1.0,0,0,30.6958,0,5,1
1685,0,3,1,1.0,0,0,7.8958,2,5,1
1686,0,2,1,2.0,0,0,13.0,2,0,1
1687,1,1,0,3.0,0,0,25.9292,2,0,1
1688,1,3,0,1.0,0,0,8.6833,2,0,1
1689,0,3,1,1.0,0,0,7.2292,0,5,1
1690,0,3,0,1.0,1,1,24.15,2,5,3
1691,0,2,1,2.0,0,0,13.0,2,0,1
1692,1,2,0,1.0,1,1,26.25,2,0,3
1693,1,1,1,0.0,1,2,120.0,2,4,4
1694,1,3,1,0.0,0,1,8.5167,0,1,2
1695,1,3,1,1.0,0,0,6.975,2,5,1
1696,0,3,1,1.0,0,0,7.775,2,0,1
1697,0,1,1,2.0,0,0,0.0,2,0,1
1698,0,3,0,1.0,0,0,7.775,2,5,1
1699,0,2,1,2.0,0,0,13.0,2,0,1
1700,1,1,0,2.0,1,0,53.1,2,0,2
1701,0,3,1,1.0,0,0,7.8875,2,5,1
1702,0,3,1,2.0,0,0,24.15,2,0,1
1703,0,2,1,2.0,0,0,10.5,2,0,1
1704,0,3,0,0.0,4,2,31.275,2,2,7
1705,0,3,1,1.0,0,0,8.05,2,0,1
1706,0,1,1,1.0,0,0,0.0,2,5,1
1707,0,3,0,1.0,0,0,7.925,2,5,1
1708,0,2,1,1.0,1,1,37.0042,0,0,3
1709,0,3,1,2.0,0,0,6.45,2,0,1
1710,0,3,1,0.0,3,2,27.9,2,4,6
1711,1,1,0,3.0,1,1,93.5,2,0,3
1712,1,3,1,1.0,0,0,8.6625,2,5,1
1713,0,1,1,2.0,0,0,0.0,2,0,1
1714,1,3,0,1.0,0,1,12.475,2,5,2
1715,0,3,1,0.0,4,1,39.6875,2,1,6
1716,0,3,1,1.0,0,0,6.95,1,5,1
1717,0,3,1,1.0,0,0,56.4958,2,5,1
1718,1,2,1,0.0,0,2,37.0042,0,1,3
1719,1,3,1,1.0,0,0,7.75,1,5,1
1720,1,1,0,3.0,0,0,80.0,2,3,1
1721,1,3,0,0.0,1,0,14.4542,0,4,2
1722,1,2,1,0.0,1,1,18.75,2,1,3
1723,0,3,1,1.0,0,0,7.2292,0,5,1
1724,0,3,1,1.0,0,0,7.8542,2,5,1
1725,0,3,1,1.0,0,0,8.3,2,5,1
1726,1,1,0,2.0,1,1,83.1583,0,0,3
1727,0,3,1,1.0,0,0,8.6625,2,5,1
1728,0,3,1,1.0,0,0,8.05,2,5,1
1729,1,3,1,1.0,0,0,56.4958,2,0,1
1730,1,1,1,1.0,0,0,29.7,0,5,1
1731,0,3,1,1.0,0,0,7.925,2,5,1
1732,0,2,1,0.0,0,0,10.5,2,5,1
1733,1,1,0,1.0,0,0,31.0,0,5,1
1734,0,3,1,2.0,0,0,6.4375,0,0,1
1735,0,3,1,1.0,0,0,8.6625,2,5,1
1736,0,3,1,2.0,0,0,7.55,2,0,1
1737,0,3,1,1.0,8,2,69.55,2,5,11
1738,0,3,1,2.0,0,0,7.8958,0,0,1
1739,0,2,1,1.0,0,1,33.0,2,5,2
1740,1,1,0,1.0,1,0,89.1042,0,5,2
1741,0,3,1,0.0,4,2,31.275,2,2,7
1742,0,3,1,4.0,0,0,7.775,2,3,1
1743,0,3,0,0.0,1,1,15.2458,0,4,3
1744,1,1,0,0.0,0,1,39.4,2,5,2
1745,0,2,0,2.0,1,0,26.0,2,0,2
1746,1,3,0,1.0,0,1,9.35,2,5,2
1747,1,1,0,2.0,1,1,164.8667,2,0,3
1748,1,1,1,3.0,0,0,26.55,2,0,1
1749,1,3,0,1.0,0,3,19.2583,0,5,4
1750,0,3,1,1.0,0,0,7.2292,0,5,1
1751,0,3,1,2.0,2,0,14.1083,2,0,3
1752,0,2,1,1.0,1,0,11.5,2,5,2
1753,1,1,0,2.0,0,0,25.9292,2,0,1
1754,0,3,0,1.0,8,2,69.55,2,5,11
1755,0,2,1,1.0,0,0,13.0,2,5,1
1756,1,2,0,2.0,0,0,13.0,2,0,1
1757,1,2,0,1.0,1,0,13.8583,0,5,2
1758,0,1,1,1.0,0,0,50.4958,2,0,1
1759,0,3,1,1.0,0,0,9.5,2,5,1
1760,1,3,1,0.0,1,1,11.1333,2,2,3
1761,0,3,1,1.0,0,0,7.8958,2,5,1
1762,1,1,0,2.0,1,1,52.5542,2,0,3
1763,0,1,1,2.0,0,0,5.0,2,0,1
1764,0,3,1,2.0,0,0,9.0,2,0,1
1765,1,2,0,1.0,1,0,24.0,0,5,2
1766,1,3,0,0.0,0,0,7.225,0,4,1
1767,0,3,1,1.0,0,0,9.8458,2,5,1
1768,0,3,1,1.0,0,0,7.8958,2,5,1
1769,0,3,1,1.0,0,0,7.8958,2,5,1
1770,1,1,0,3.0,0,1,83.1583,0,0,2
1771,1,2,0,1.0,0,1,26.0,2,5,2
1772,0,3,1,2.0,0,0,7.8958,2,0,1
1773,0,3,0,1.0,0,0,10.5167,2,5,1
1774,0,2,1,1.0,0,0,10.5,2,5,1
1775,0,3,1,1.0,0,0,7.05,2,5,1
1776,0,3,0,2.0,0,5,29.125,1,0,6
1777,0,2,1,1.0,0,0,13.0,2,5,1
1778,1,1,0,1.0,0,0,30.0,2,5,1
1779,0,3,0,1.0,1,2,23.45,2,5,4
1780,1,1,1,1.0,0,0,30.0,0,5,1
1781,0,3,1,1.0,0,0,7.75,1,0,1
